index,Avg Temp,Min Temp,Max Temp,Precip
2015-01-01,2.0,-2.0,5.0,0.0
2015-01-02,5.67,2.0,9.11,0.0
2015-01-03,2.56,1.0,5.0,7.0
2015-01-04,2.56,-1.0,5.5,0.0
2015-01-05,0.72,-1.39,4.5,0.0
2015-01-06,0.28,-3.0,4.0,0.0
2015-01-07,3.44,1.0,5.28,0.0
2015-01-08,6.5,4.5,9.39,19.0
2015-01-09,9.56,5.39,14.0,1.0
2015-01-10,10.17,4.0,13.39,1.0
2015-01-11,5.0,3.0,6.22,0.0
2015-01-12,8.06,5.78,10.0,0.0
2015-01-13,8.72,5.61,10.28,5.0
2015-01-14,4.17,3.0,7.0,3.0
2015-01-15,8.17,6.0,10.0,1.0
2015-01-16,5.61,3.0,8.0,0.0
2015-01-17,2.17,-0.39,4.28,0.0
2015-01-18,3.11,1.0,5.0,1.0
2015-01-19,0.83,-1.0,2.0,2.0
2015-01-20,0.56,-1.0,3.0,0.0
2015-01-21,-0.44,-3.0,2.0,0.0
2015-01-22,-1.56,-3.0,-0.61,0.0
2015-01-23,-1.5,-3.0,0.0,0.0
2015-01-24,1.56,-1.11,5.5,4.0
2015-01-25,2.61,0.0,4.39,0.0
2015-01-26,5.89,3.61,8.39,2.0
2015-01-27,3.72,1.61,6.39,0.0
2015-01-28,4.89,2.0,7.39,0.0
2015-01-29,2.72,0.0,5.0,0.0
2015-01-30,1.39,0.0,3.11,1.0
2015-01-31,1.22,-0.11,4.0,1.0
2015-02-01,2.28,-0.28,5.0,6.0
2015-02-02,1.61,0.0,3.61,2.0
2015-02-03,0.67,-2.0,3.61,0.0
2015-02-04,0.61,-2.39,5.0,0.0
2015-02-05,-1.44,-3.11,1.0,1.0
2015-02-06,-0.83,-3.0,2.0,0.0
2015-02-07,0.44,-4.22,4.11,0.0
2015-02-08,3.94,1.28,6.0,0.0
2015-02-09,3.67,1.61,5.0,0.0
2015-02-10,4.61,3.72,6.0,0.0
2015-02-11,3.17,-2.0,5.28,0.0
2015-02-12,1.22,-3.0,7.61,0.0
2015-02-13,5.17,-1.11,11.0,0.0
2015-02-14,7.0,4.89,10.22,2.0
2015-02-15,5.0,0.89,10.0,0.0
2015-02-16,2.33,-2.22,6.22,0.0
2015-02-17,4.11,-1.0,7.28,0.0
2015-02-18,0.78,-2.22,4.22,0.0
2015-02-19,2.94,-0.39,5.61,0.0
2015-02-20,5.33,3.28,6.61,7.0
2015-02-21,3.33,1.0,6.28,1.0
2015-02-22,2.56,-0.5,6.61,0.0
2015-02-23,5.17,2.61,10.0,2.0
2015-02-24,4.61,2.0,8.0,0.0
2015-02-25,3.89,1.0,6.0,2.0
2015-02-26,6.67,2.61,10.0,0.0
2015-02-27,4.56,-0.11,7.11,4.0
2015-02-28,4.28,-1.0,9.0,0.0
2015-03-01,8.28,5.72,10.0,0.0
2015-03-02,5.61,3.0,8.39,2.0
2015-03-03,4.78,2.0,8.0,0.0
2015-03-04,4.33,1.72,7.39,1.0
2015-03-05,4.67,0.61,10.0,0.0
2015-03-06,5.39,1.89,9.0,0.0
2015-03-07,7.94,2.72,13.22,0.0
2015-03-08,10.17,4.0,17.22,0.0
2015-03-09,8.78,7.0,12.11,0.0
2015-03-10,8.67,2.0,12.61,0.0
2015-03-11,4.61,0.0,10.28,0.0
2015-03-12,6.17,-1.28,13.0,0.0
2015-03-13,4.61,-0.11,10.28,0.0
2015-03-14,3.61,-1.0,6.72,0.0
2015-03-15,4.72,3.0,6.5,1.0
2015-03-16,5.11,0.39,10.0,0.0
2015-03-17,8.78,-0.39,17.28,0.0
2015-03-18,6.11,3.39,8.22,0.0
2015-03-19,6.0,4.78,7.0,0.0
2015-03-20,5.78,4.0,7.11,0.0
2015-03-21,6.0,3.0,9.0,0.0
2015-03-22,4.67,1.0,7.0,0.0
2015-03-23,4.72,-2.0,11.0,0.0
2015-03-24,5.22,-0.22,11.0,0.0
2015-03-25,5.22,2.0,6.28,11.0
2015-03-26,4.22,0.0,7.39,0.0
2015-03-27,6.17,1.0,10.61,0.0
2015-03-28,8.11,1.11,12.0,0.0
2015-03-29,9.94,7.78,11.22,7.0
2015-03-30,7.78,6.0,9.22,2.0
2015-03-31,9.67,5.5,12.0,0.0
2015-04-01,6.89,4.89,9.0,0.0
2015-04-02,5.94,1.0,8.11,1.0
2015-04-03,5.11,0.0,8.39,0.0
2015-04-04,5.0,1.0,8.0,1.0
2015-04-05,4.89,0.0,11.0,0.0
2015-04-06,5.44,0.0,10.22,0.0
2015-04-07,7.17,-0.5,13.11,0.0
2015-04-08,8.06,1.28,14.0,0.0
2015-04-09,11.22,2.5,18.61,0.0
2015-04-10,13.56,3.78,22.0,0.0
2015-04-11,10.28,4.89,13.61,3.0
2015-04-12,10.5,4.0,16.5,0.0
2015-04-13,9.67,5.0,14.0,0.0
2015-04-14,13.94,4.72,21.39,0.0
2015-04-15,16.5,8.0,24.0,0.0
2015-04-16,11.56,5.28,18.22,0.0
2015-04-17,9.39,4.0,14.0,0.0
2015-04-18,7.94,1.39,14.0,0.0
2015-04-19,7.78,1.0,14.39,0.0
2015-04-20,11.17,3.0,18.22,0.0
2015-04-21,11.44,4.78,20.0,0.0
2015-04-22,8.39,3.39,14.5,0.0
2015-04-23,9.0,1.78,17.0,0.0
2015-04-24,14.0,3.61,22.22,0.0
2015-04-25,12.89,9.0,17.0,0.0
2015-04-26,12.33,9.0,15.11,5.0
2015-04-27,8.78,4.0,12.5,3.0
2015-04-28,7.5,1.0,13.0,0.0
2015-04-29,8.94,1.78,14.0,0.0
2015-04-30,9.06,3.0,14.0,1.0
2015-05-01,8.17,2.61,14.11,2.0
2015-05-02,10.94,4.72,15.39,0.0
2015-05-03,13.72,10.61,17.28,0.0
2015-05-04,15.28,10.89,20.28,4.0
2015-05-05,15.89,11.89,21.22,11.0
2015-05-06,12.11,9.0,16.22,3.0
2015-05-07,11.39,8.0,16.22,3.0
2015-05-08,14.61,8.78,19.61,0.0
2015-05-09,14.56,11.0,17.28,0.0
2015-05-10,13.89,7.61,19.5,0.0
2015-05-11,18.17,10.78,25.0,0.0
2015-05-12,15.44,9.0,19.5,0.0
2015-05-13,12.89,6.0,19.28,0.0
2015-05-14,10.39,4.0,16.0,0.0
2015-05-15,10.94,6.0,15.61,4.0
2015-05-16,10.39,5.5,16.28,2.0
2015-05-17,12.0,5.89,17.89,1.0
2015-05-18,11.39,6.0,18.0,0.0
2015-05-19,9.67,6.72,14.22,1.0
2015-05-20,9.72,5.61,15.11,1.0
2015-05-21,12.33,5.61,18.28,0.0
2015-05-22,14.17,7.61,20.0,0.0
2015-05-23,13.72,8.0,18.11,0.0
2015-05-24,13.5,6.0,20.0,0.0
2015-05-25,13.22,7.0,17.11,1.0
2015-05-26,12.06,6.0,18.0,0.0
2015-05-27,14.28,5.0,20.0,0.0
2015-05-28,14.22,10.0,17.28,0.0
2015-05-29,11.06,8.0,16.0,0.0
2015-05-30,11.22,7.0,16.0,5.0
2015-05-31,13.22,8.0,16.72,1.0
2015-06-01,12.22,8.0,16.5,5.0
2015-06-02,15.11,10.39,19.0,0.0
2015-06-03,14.83,10.0,19.0,1.0
2015-06-04,16.89,7.22,23.28,1.0
2015-06-05,21.17,11.5,32.22,0.0
2015-06-06,15.72,10.72,20.0,8.0
2015-06-07,13.78,6.0,20.22,0.0
2015-06-08,12.0,5.0,18.0,0.0
2015-06-09,11.33,6.61,16.28,0.0
2015-06-10,14.61,6.0,22.0,0.0
2015-06-11,18.39,9.89,25.0,0.0
2015-06-12,21.61,13.0,29.39,0.0
2015-06-13,17.83,13.0,22.5,0.0
2015-06-14,16.39,9.0,23.22,1.0
2015-06-15,14.67,10.61,19.89,0.0
2015-06-16,12.94,7.39,18.11,0.0
2015-06-17,16.5,6.0,24.0,0.0
2015-06-18,14.83,10.72,18.0,3.0
2015-06-19,13.5,10.11,16.0,0.0
2015-06-20,13.72,9.89,18.0,0.0
2015-06-21,16.33,12.0,21.0,2.0
2015-06-22,11.89,10.0,14.28,0.0
2015-06-23,12.89,10.0,16.28,0.0
2015-06-24,15.61,10.0,21.0,0.0
2015-06-25,18.5,12.0,24.0,0.0
2015-06-26,21.06,14.0,27.61,0.0
2015-06-27,18.33,12.0,22.78,0.0
2015-06-28,18.72,10.0,25.0,0.0
2015-06-29,19.22,14.0,25.0,0.0
2015-06-30,21.33,11.0,28.39,0.0
2015-07-01,26.33,16.0,34.0,0.0
2015-07-02,25.61,21.0,31.0,0.0
2015-07-03,24.78,16.89,31.11,0.0
2015-07-04,27.17,19.0,33.0,0.0
2015-07-05,20.39,15.0,26.28,0.0
2015-07-06,19.56,12.78,25.72,0.0
2015-07-07,20.67,14.0,25.39,0.0
2015-07-08,15.89,12.78,19.72,0.0
2015-07-09,15.0,8.0,19.22,1.0
2015-07-10,17.28,8.0,24.39,0.0
2015-07-11,21.33,13.5,29.0,0.0
2015-07-12,16.44,14.0,20.0,0.0
2015-07-13,16.89,14.89,18.5,1.0
2015-07-14,18.28,16.0,21.0,0.0
2015-07-15,18.61,13.0,22.0,0.0
2015-07-16,21.44,16.0,29.0,0.0
2015-07-17,24.0,18.0,28.89,0.0
2015-07-18,19.28,15.0,25.0,0.0
2015-07-19,17.67,14.0,22.72,1.0
2015-07-20,19.61,14.0,24.0,1.0
2015-07-21,21.89,19.61,25.22,0.0
2015-07-22,20.28,16.0,24.28,0.0
2015-07-23,18.17,13.61,22.22,0.0
2015-07-24,19.78,13.61,26.0,0.0
2015-07-25,14.89,10.0,19.0,4.0
2015-07-26,14.28,9.78,20.39,3.0
2015-07-27,16.44,13.28,21.0,0.0
2015-07-28,15.0,12.72,18.28,1.0
2015-07-29,15.06,11.28,20.0,0.0
2015-07-30,13.22,8.0,18.0,3.0
2015-07-31,14.11,6.0,21.0,0.0
2015-08-01,16.5,7.61,24.22,0.0
2015-08-02,19.5,9.0,27.61,0.0
2015-08-03,24.67,16.0,32.78,0.0
2015-08-04,18.0,13.0,22.5,0.0
2015-08-05,20.61,11.39,28.0,3.0
2015-08-06,22.61,15.0,29.11,0.0
2015-08-07,20.72,13.78,29.0,0.0
2015-08-08,20.06,15.0,25.78,0.0
2015-08-09,18.22,11.72,23.22,0.0
2015-08-10,20.17,14.0,27.0,0.0
2015-08-11,19.83,14.39,26.0,0.0
2015-08-12,22.0,17.0,28.0,0.0
2015-08-13,22.39,16.89,32.39,0.0
2015-08-14,21.22,18.0,25.0,12.0
2015-08-15,16.78,15.0,19.39,16.0
2015-08-16,17.33,14.0,20.89,0.0
2015-08-17,14.22,12.5,16.61,1.0
2015-08-18,14.44,12.0,17.0,3.0
2015-08-19,17.72,13.0,23.0,3.0
2015-08-20,18.89,14.5,24.22,0.0
2015-08-21,20.89,14.0,27.11,0.0
2015-08-22,22.33,17.0,28.0,0.0
2015-08-23,19.33,14.0,28.0,0.0
2015-08-24,16.67,13.39,21.11,0.0
2015-08-25,16.56,14.89,19.0,0.0
2015-08-26,21.06,16.78,26.39,2.0
2015-08-27,15.39,12.0,19.22,1.0
2015-08-28,15.67,11.39,21.0,12.0
2015-08-29,18.06,10.0,24.0,0.0
2015-08-30,23.22,16.0,30.0,0.0
2015-08-31,21.56,17.0,30.0,2.0
2015-09-01,15.61,11.0,18.0,3.0
2015-09-02,14.0,10.0,19.22,0.0
2015-09-03,13.0,10.0,17.11,0.0
2015-09-04,13.06,10.78,15.22,0.0
2015-09-05,12.56,10.72,16.0,0.0
2015-09-06,12.39,9.0,16.0,0.0
2015-09-07,14.28,11.0,18.11,0.0
2015-09-08,14.56,12.0,17.0,0.0
2015-09-09,14.56,9.28,20.22,0.0
2015-09-10,13.94,7.61,20.28,0.0
2015-09-11,14.28,7.0,21.0,0.0
2015-09-12,16.17,13.0,21.22,2.0
2015-09-13,14.94,10.0,20.0,3.0
2015-09-14,13.83,10.0,18.11,6.0
2015-09-15,13.17,10.0,17.0,0.0
2015-09-16,15.44,11.89,19.0,1.0
2015-09-17,14.33,11.0,16.0,8.0
2015-09-18,13.67,10.0,17.78,0.0
2015-09-19,13.39,11.0,16.39,0.0
2015-09-20,13.39,9.61,18.28,0.0
2015-09-21,13.06,8.0,18.0,0.0
2015-09-22,12.39,10.0,16.0,2.0
2015-09-23,12.22,10.11,15.11,8.0
2015-09-24,13.22,10.89,17.39,1.0
2015-09-25,12.61,7.72,17.78,0.0
2015-09-26,10.44,5.11,16.5,0.0
2015-09-27,10.56,5.0,17.0,0.0
2015-09-28,10.44,4.72,17.0,0.0
2015-09-29,10.67,4.0,17.22,0.0
2015-09-30,10.94,4.89,17.0,0.0
2015-10-01,10.0,5.0,16.0,0.0
2015-10-02,9.83,2.89,17.39,0.0
2015-10-03,11.94,4.0,20.11,0.0
2015-10-04,12.17,7.5,18.22,0.0
2015-10-05,13.56,9.72,17.0,0.0
2015-10-06,15.67,13.61,19.22,12.0
2015-10-07,13.72,11.89,15.11,1.0
2015-10-08,11.83,7.0,15.22,1.0
2015-10-09,10.06,4.5,16.5,0.0
2015-10-10,9.61,4.0,12.28,0.0
2015-10-11,6.5,2.61,13.0,0.0
2015-10-12,5.06,0.89,11.0,0.0
2015-10-13,3.67,0.89,5.22,0.0
2015-10-14,4.11,1.78,7.0,4.0
2015-10-15,4.28,2.72,6.0,2.0
2015-10-16,6.67,5.28,8.0,5.0
2015-10-17,7.61,6.0,9.61,3.0
2015-10-18,8.44,5.61,11.28,0.0
2015-10-19,10.33,9.0,12.0,0.0
2015-10-20,8.94,5.0,14.11,0.0
2015-10-21,9.28,4.72,12.28,0.0
2015-10-22,11.78,9.78,14.0,0.0
2015-10-23,10.94,7.0,13.0,0.0
2015-10-24,11.22,9.61,14.22,0.0
2015-10-25,10.61,7.0,13.0,0.0
2015-10-26,9.94,6.72,15.28,0.0
2015-10-27,12.0,4.78,16.39,0.0
2015-10-28,12.72,10.0,15.0,0.0
2015-10-29,10.78,7.89,15.5,0.0
2015-10-30,10.39,6.0,15.0,0.0
2015-10-31,9.83,4.61,17.0,0.0
2015-11-01,10.06,2.78,19.5,0.0
2015-11-02,7.61,1.61,17.0,0.0
2015-11-03,11.17,1.72,18.5,0.0
2015-11-04,13.17,11.0,16.0,1.0
2015-11-05,13.89,10.5,18.11,1.0
2015-11-06,15.5,13.78,17.39,3.0
2015-11-07,17.28,14.0,19.22,2.0
2015-11-08,14.11,9.0,18.0,1.0
2015-11-09,14.39,13.0,17.0,1.0
2015-11-10,13.39,12.0,15.0,1.0
2015-11-11,12.0,11.0,13.78,0.0
2015-11-12,12.94,11.0,16.11,0.0
2015-11-13,11.67,7.0,14.0,0.0
2015-11-14,8.78,6.5,11.0,2.0
2015-11-15,13.56,8.72,16.0,3.0
2015-11-16,12.22,11.0,13.0,0.0
2015-11-17,14.11,11.89,16.0,3.0
2015-11-18,13.11,12.0,14.39,7.0
2015-11-19,11.28,8.61,13.22,4.0
2015-11-20,8.11,5.0,10.0,18.0
2015-11-21,3.83,1.78,6.22,0.0
2015-11-22,2.5,0.0,5.39,4.0
2015-11-23,1.94,-1.0,6.28,2.0
2015-11-24,3.33,0.28,6.0,0.0
2015-11-25,5.78,3.78,9.0,5.0
2015-11-26,4.67,2.0,10.0,4.0
2015-11-27,3.72,1.0,6.39,0.0
2015-11-28,6.06,3.11,8.0,2.0
2015-11-29,9.72,6.22,12.0,4.0
2015-11-30,10.0,8.0,12.0,10.0
2015-12-01,11.39,9.0,13.0,20.0
2015-12-02,10.56,9.61,12.28,0.0
2015-12-03,9.06,7.5,12.0,0.0
2015-12-04,8.67,7.0,10.0,0.0
2015-12-05,7.39,6.0,8.39,4.0
2015-12-06,9.61,5.72,11.28,0.0
2015-12-07,10.39,8.78,13.0,0.0
2015-12-08,10.0,8.0,12.22,0.0
2015-12-09,7.11,4.78,9.39,2.0
2015-12-10,4.44,3.0,6.22,0.0
2015-12-11,6.56,3.11,9.22,0.0
2015-12-12,8.28,5.72,11.0,13.0
2015-12-13,8.22,7.0,10.0,0.0
2015-12-14,6.89,5.0,9.0,3.0
2015-12-15,8.28,5.5,11.0,0.0
2015-12-16,11.94,9.0,13.22,4.0
2015-12-17,13.94,12.5,16.39,0.0
2015-12-18,11.56,10.0,13.0,0.0
2015-12-19,12.39,9.78,15.0,0.0
2015-12-20,11.83,10.61,13.22,0.0
2015-12-21,10.61,9.28,11.5,1.0
2015-12-22,12.06,10.28,13.5,9.0
2015-12-23,10.17,7.0,12.39,3.0
2015-12-24,10.17,6.61,13.0,1.0
2015-12-25,9.89,7.0,13.22,2.0
2015-12-26,12.11,10.0,14.22,2.0
2015-12-27,10.72,8.0,14.11,0.0
2015-12-28,8.33,4.39,13.0,0.0
2015-12-29,8.56,6.0,11.11,0.0
2015-12-30,7.33,5.61,10.0,0.0
2015-12-31,6.445,4.055,8.86,1.0
2016-01-01,5.56,2.5,7.72,2.0
2016-01-02,7.89,5.28,11.0,1.0
2016-01-03,6.56,4.0,8.0,7.0
2016-01-04,6.67,4.0,8.0,12.0
2016-01-05,6.67,4.78,8.0,0.0
2016-01-06,6.39,4.61,9.0,1.0
2016-01-07,6.44,4.89,9.0,7.0
2016-01-08,4.56,2.0,8.11,0.0
2016-01-09,6.17,4.0,8.22,2.0
2016-01-10,6.67,4.0,9.0,1.0
2016-01-11,5.72,3.0,8.0,2.0
2016-01-12,5.72,4.72,7.11,0.0
2016-01-13,4.94,2.0,6.0,6.0
2016-01-14,3.17,0.0,5.0,5.0
2016-01-15,1.78,0.0,3.0,40.0
2016-01-16,2.56,0.0,6.0,3.0
2016-01-17,-0.11,-4.0,3.0,1.0
2016-01-18,-3.94,-6.0,-2.0,0.0
2016-01-19,-2.94,-7.0,1.61,0.0
2016-01-20,0.06,-3.39,1.11,0.0
2016-01-21,0.33,-3.11,5.0,0.0
2016-01-22,1.89,-1.0,5.0,3.0
2016-01-23,6.06,4.0,8.0,1.0
2016-01-24,7.44,4.39,9.0,1.0
2016-01-25,10.33,7.0,14.0,0.0
2016-01-26,9.94,9.0,12.0,0.0
2016-01-27,10.22,9.0,11.0,4.0
2016-01-28,6.17,3.0,10.0,6.0
2016-01-29,7.61,5.0,9.0,0.0
2016-01-30,6.61,3.0,9.0,17.0
2016-01-31,7.17,4.0,12.0,2.0
2016-02-01,10.94,10.0,12.0,1.0
2016-02-02,8.28,5.0,11.0,11.0
2016-02-03,4.67,3.0,6.39,1.0
2016-02-04,5.78,3.0,10.0,5.0
2016-02-05,9.0,7.0,10.22,0.0
2016-02-06,9.83,8.0,12.0,0.0
2016-02-07,8.5,7.0,12.0,3.0
2016-02-08,7.94,7.0,9.0,13.0
2016-02-09,4.78,2.0,7.0,18.0
2016-02-10,4.22,3.0,6.0,5.0
2016-02-11,3.89,2.0,6.0,1.0
2016-02-12,2.89,-1.0,6.28,1.0
2016-02-13,1.11,-2.22,3.0,2.0
2016-02-14,2.0,1.0,3.0,2.0
2016-02-15,2.0,-1.0,5.22,3.0
2016-02-16,-0.06,-4.0,5.0,0.0
2016-02-17,0.06,-5.0,5.0,0.0
2016-02-18,1.56,-1.0,4.0,0.0
2016-02-19,3.61,0.0,7.61,2.0
2016-02-20,8.33,3.61,10.39,8.0
2016-02-21,10.89,9.78,12.11,0.0
2016-02-22,7.33,3.78,10.39,11.0
2016-02-23,4.33,2.0,7.39,0.0
2016-02-24,2.56,-1.0,7.0,0.0
2016-02-25,1.56,-1.22,5.0,0.0
2016-02-26,2.61,0.89,5.5,0.0
2016-02-27,2.61,-1.0,6.11,0.0
2016-02-28,2.0,-1.0,6.22,0.0
2016-02-29,1.89,-2.0,6.0,0.0
2016-03-01,2.44,-3.0,8.0,0.0
2016-03-02,5.56,3.0,8.28,1.0
2016-03-03,3.33,1.0,8.0,8.0
2016-03-04,3.17,-0.22,6.22,11.0
2016-03-05,1.17,-2.11,6.0,0.0
2016-03-06,3.22,1.0,6.0,1.0
2016-03-07,1.78,-1.0,5.0,2.0
2016-03-08,2.72,-2.0,7.0,1.0
2016-03-09,5.06,3.0,8.0,0.0
2016-03-10,3.94,-1.0,10.0,0.0
2016-03-11,4.17,-1.0,9.0,0.0
2016-03-12,3.06,-1.28,10.0,0.0
2016-03-13,3.17,-2.22,9.0,0.0
2016-03-14,2.78,-1.0,8.0,0.0
2016-03-15,4.0,-1.39,10.0,0.0
2016-03-16,3.83,0.0,8.28,0.0
2016-03-17,4.17,-1.0,11.0,0.0
2016-03-18,3.61,0.72,7.0,0.0
2016-03-19,5.33,4.0,7.0,0.0
2016-03-20,6.06,4.0,9.11,0.0
2016-03-21,7.06,4.0,9.28,0.0
2016-03-22,7.17,2.5,12.22,0.0
2016-03-23,6.67,3.28,10.61,0.0
2016-03-24,7.39,5.61,9.28,0.0
2016-03-25,6.78,1.0,10.0,7.0
2016-03-26,8.94,1.0,15.0,0.0
2016-03-27,9.0,6.5,13.0,9.0
2016-03-28,9.06,6.0,12.11,6.0
2016-03-29,8.39,5.5,12.22,3.0
2016-03-30,9.17,6.0,12.0,0.0
2016-03-31,7.22,5.72,9.0,3.0
2016-04-01,7.28,2.0,11.5,0.0
2016-04-02,10.0,6.72,14.0,0.0
2016-04-03,15.67,11.89,19.39,0.0
2016-04-04,12.72,9.78,15.72,0.0
2016-04-05,10.94,7.0,14.22,1.0
2016-04-06,9.0,6.78,12.11,1.0
2016-04-07,7.22,4.72,11.22,1.0
2016-04-08,7.89,4.5,12.28,3.0
2016-04-09,9.94,2.89,15.22,0.0
2016-04-10,10.28,3.5,15.39,1.0
2016-04-11,13.56,7.61,19.39,0.0
2016-04-12,10.78,6.89,16.5,0.0
2016-04-13,9.17,4.0,13.11,1.0
2016-04-14,10.0,2.61,16.28,0.0
2016-04-15,11.5,9.0,16.0,9.0
2016-04-16,8.78,4.0,12.0,9.0
2016-04-17,6.44,3.0,10.5,0.0
2016-04-18,7.44,1.0,12.0,0.0
2016-04-19,9.61,4.0,14.0,0.0
2016-04-20,8.72,1.0,15.0,0.0
2016-04-21,11.56,3.0,20.0,0.0
2016-04-22,10.5,8.0,14.0,0.0
2016-04-23,6.67,3.0,10.0,1.0
2016-04-24,4.56,2.0,8.0,1.0
2016-04-25,4.67,1.0,8.0,6.0
2016-04-26,4.0,2.0,7.39,4.0
2016-04-27,4.72,1.0,8.0,10.0
2016-04-28,4.83,-0.22,9.11,1.0
2016-04-29,6.94,3.89,9.5,2.0
2016-04-30,7.67,5.0,11.0,1.0
2016-05-01,8.33,3.0,14.0,0.0
2016-05-02,11.17,2.0,17.28,0.0
2016-05-03,10.5,4.0,14.0,3.0
2016-05-04,10.11,3.0,16.0,0.0
2016-05-05,13.17,5.0,19.0,0.0
2016-05-06,16.61,9.0,24.0,0.0
2016-05-07,19.22,13.0,26.11,0.0
2016-05-08,19.78,13.0,26.0,0.0
2016-05-09,19.56,14.0,25.0,0.0
2016-05-10,16.61,15.0,20.0,5.0
2016-05-11,18.61,14.0,24.11,1.0
2016-05-12,17.61,13.0,23.0,0.0
2016-05-13,16.94,10.0,23.0,0.0
2016-05-14,9.22,6.0,12.0,0.0
2016-05-15,8.89,6.0,12.0,1.0
2016-05-16,10.17,5.61,14.0,0.0
2016-05-17,13.06,7.0,17.0,0.0
2016-05-18,13.56,8.0,18.0,0.0
2016-05-19,13.0,6.5,18.39,0.0
2016-05-20,14.06,10.0,18.0,0.0
2016-05-21,17.94,13.0,22.0,0.0
2016-05-22,15.89,11.0,19.0,2.0
2016-05-23,11.67,10.0,14.0,15.0
2016-05-24,11.06,7.0,14.0,0.0
2016-05-25,11.5,5.0,16.0,0.0
2016-05-26,15.44,8.0,21.0,0.0
2016-05-27,17.11,13.0,23.0,0.0
2016-05-28,17.11,12.0,23.0,3.0
2016-05-29,16.11,14.0,19.0,2.0
2016-05-30,14.22,14.0,15.0,37.0
2016-05-31,15.94,14.0,19.0,1.0
2016-06-01,14.78,13.61,16.0,4.0
2016-06-02,14.11,12.0,16.61,3.0
2016-06-03,14.5,11.78,19.5,4.0
2016-06-04,14.5,11.5,18.0,1.0
2016-06-05,18.06,13.78,26.61,3.0
2016-06-06,19.56,13.22,27.0,1.0
2016-06-07,20.17,16.0,27.0,0.0
2016-06-08,17.72,12.0,23.11,11.0
2016-06-09,15.89,11.0,21.0,0.0
2016-06-10,16.56,8.89,22.61,0.0
2016-06-11,17.17,14.22,22.22,0.0
2016-06-12,17.11,14.5,21.72,1.0
2016-06-13,15.61,14.0,19.72,8.0
2016-06-14,15.22,13.0,19.5,12.0
2016-06-15,13.94,10.0,18.22,1.0
2016-06-16,13.72,8.78,17.72,5.0
2016-06-17,14.5,11.89,19.72,2.0
2016-06-18,14.5,11.5,17.22,9.0
2016-06-19,14.44,11.0,19.0,5.0
2016-06-20,15.28,12.78,17.28,0.0
2016-06-21,17.17,15.0,20.28,8.0
2016-06-22,20.06,12.0,26.0,4.0
2016-06-23,23.11,19.0,30.11,0.0
2016-06-24,19.61,15.0,23.11,11.0
2016-06-25,14.89,11.0,17.61,0.0
2016-06-26,14.33,10.78,18.61,3.0
2016-06-27,15.33,11.89,20.0,3.0
2016-06-28,16.89,12.39,21.11,1.0
2016-06-29,16.0,13.0,20.28,4.0
2016-06-30,16.5,14.5,19.61,1.0
2016-07-01,17.22,14.0,20.11,1.0
2016-07-02,15.0,12.0,19.0,5.0
2016-07-03,14.83,11.0,19.28,2.0
2016-07-04,16.72,10.28,22.72,2.0
2016-07-05,16.39,13.0,20.22,0.0
2016-07-06,15.94,11.0,20.5,0.0
2016-07-07,17.39,9.78,23.72,0.0
2016-07-08,19.17,14.0,24.22,0.0
2016-07-09,19.89,15.0,25.39,0.0
2016-07-10,22.11,15.78,28.28,0.0
2016-07-11,18.44,16.0,22.0,0.0
2016-07-12,16.22,11.0,22.0,0.0
2016-07-13,13.83,10.0,18.39,6.0
2016-07-14,14.72,11.0,19.0,3.0
2016-07-15,16.22,9.0,22.28,2.0
2016-07-16,18.83,13.5,24.78,0.0
2016-07-17,20.39,15.61,25.0,0.0
2016-07-18,21.83,15.0,28.0,0.0
2016-07-19,24.22,15.0,31.0,0.0
2016-07-20,25.5,18.5,33.11,0.0
2016-07-21,21.39,16.72,26.61,0.0
2016-07-22,20.94,17.39,25.22,0.0
2016-07-23,19.94,17.0,24.11,12.0
2016-07-24,20.17,15.61,26.0,14.0
2016-07-25,19.72,15.0,25.11,0.0
2016-07-26,18.83,13.28,23.28,0.0
2016-07-27,18.33,13.0,22.89,0.0
2016-07-28,19.28,15.0,23.78,0.0
2016-07-29,19.06,15.0,22.89,3.0
2016-07-30,17.67,14.0,22.28,0.0
2016-07-31,17.22,11.0,21.39,0.0
2016-08-01,16.44,10.72,21.61,1.0
2016-08-02,16.39,13.39,18.5,2.0
2016-08-03,18.0,16.0,19.61,12.0
2016-08-04,17.0,14.5,20.61,13.0
2016-08-05,16.56,13.0,21.5,0.0
2016-08-06,16.5,12.0,22.61,1.0
2016-08-07,19.17,12.0,24.28,0.0
2016-08-08,17.22,13.61,22.11,0.0
2016-08-09,14.78,9.0,19.5,0.0
2016-08-10,12.5,8.0,16.11,0.0
2016-08-11,13.0,7.89,15.28,1.0
2016-08-12,18.44,14.78,23.5,4.0
2016-08-13,18.0,13.5,24.11,0.0
2016-08-14,17.28,12.28,22.5,0.0
2016-08-15,16.89,12.0,22.22,0.0
2016-08-16,16.61,10.0,23.78,0.0
2016-08-17,18.06,10.0,25.72,0.0
2016-08-18,18.17,11.61,25.11,0.0
2016-08-19,18.33,12.0,22.61,0.0
2016-08-20,18.39,13.78,23.5,0.0
2016-08-21,15.67,13.0,19.0,5.0
2016-08-22,18.39,13.78,24.5,20.0
2016-08-23,21.44,12.5,29.0,1.0
2016-08-24,24.56,15.72,32.22,0.0
2016-08-25,25.61,16.0,33.0,0.0
2016-08-26,23.11,18.0,28.5,0.0
2016-08-27,23.11,16.0,30.5,0.0
2016-08-28,21.39,16.89,24.39,0.0
2016-08-29,18.22,13.0,22.28,0.0
2016-08-30,17.44,9.72,23.22,2.0
2016-08-31,18.67,10.0,25.89,0.0
2016-09-01,17.56,12.72,22.5,0.0
2016-09-02,17.0,11.78,22.39,0.0
2016-09-03,18.17,13.39,23.61,0.0
2016-09-04,18.06,15.0,21.22,0.0
2016-09-05,18.06,15.0,22.72,2.0
2016-09-06,19.44,16.0,23.5,0.0
2016-09-07,20.39,12.0,27.0,0.0
2016-09-08,20.17,13.5,28.11,0.0
2016-09-09,17.44,11.89,24.11,0.0
2016-09-10,19.78,13.28,26.28,0.0
2016-09-11,19.83,17.0,23.0,0.0
2016-09-12,23.39,16.61,29.61,0.0
2016-09-13,25.0,16.89,32.22,0.0
2016-09-14,23.94,17.28,31.0,0.0
2016-09-15,19.72,14.72,27.22,1.0
2016-09-16,17.28,14.0,21.61,2.0
2016-09-17,17.06,14.89,20.39,0.0
2016-09-18,17.44,13.0,21.0,0.0
2016-09-19,15.89,10.0,21.11,0.0
2016-09-20,14.78,8.0,20.5,0.0
2016-09-21,16.22,12.0,21.39,0.0
2016-09-22,16.11,10.78,22.0,0.0
2016-09-23,15.44,10.72,21.0,0.0
2016-09-24,17.28,10.0,25.0,0.0
2016-09-25,16.44,10.78,23.39,0.0
2016-09-26,13.06,8.0,17.5,2.0
2016-09-27,14.61,6.22,22.0,0.0
2016-09-28,18.78,14.89,23.0,0.0
2016-09-29,16.61,14.0,19.39,0.0
2016-09-30,14.78,12.72,19.0,1.0
2016-10-01,13.11,9.89,18.11,0.0
2016-10-02,11.72,9.0,14.89,6.0
2016-10-03,12.67,9.0,18.0,6.0
2016-10-04,11.28,8.22,14.78,3.0
2016-10-05,9.17,4.0,14.0,0.0
2016-10-06,8.0,2.61,13.0,0.0
2016-10-07,10.61,8.0,13.0,0.0
2016-10-08,10.33,4.89,15.0,0.0
2016-10-09,8.28,3.28,13.89,0.0
2016-10-10,9.11,5.72,14.5,0.0
2016-10-11,7.56,2.0,13.0,0.0
2016-10-12,8.11,6.0,9.0,0.0
2016-10-13,7.94,4.0,12.28,2.0
2016-10-14,9.72,7.0,13.0,0.0
2016-10-15,11.78,9.5,15.28,4.0
2016-10-16,14.61,10.0,20.0,8.0
2016-10-17,12.44,9.89,16.0,0.0
2016-10-18,10.56,7.61,13.28,0.0
2016-10-19,9.11,7.5,11.39,3.0
2016-10-20,9.56,6.0,13.5,5.0
2016-10-21,7.33,4.89,11.39,1.0
2016-10-22,7.94,3.0,11.61,0.0
2016-10-23,3.89,-0.22,6.0,0.0
2016-10-24,8.22,5.39,10.11,0.0
2016-10-25,9.61,5.0,12.39,0.0
2016-10-26,8.11,2.0,14.61,0.0
2016-10-27,11.06,7.61,13.28,0.0
2016-10-28,12.61,10.28,14.0,0.0
2016-10-29,12.11,7.0,16.28,0.0
2016-10-30,9.61,4.0,15.28,0.0
2016-10-31,10.67,5.5,17.0,0.0
2016-11-01,10.33,5.78,15.39,0.0
2016-11-02,8.11,6.78,11.0,0.0
2016-11-03,7.22,4.61,11.39,1.0
2016-11-04,7.06,4.72,10.11,0.0
2016-11-05,7.56,6.0,10.22,1.0
2016-11-06,5.61,3.89,8.0,1.0
2016-11-07,4.56,2.61,6.22,0.0
2016-11-08,3.22,0.89,6.0,4.0
2016-11-09,4.17,1.11,6.0,0.0
2016-11-10,7.06,4.0,9.0,15.0
2016-11-11,4.67,1.3599999999999999,7.195,7.5
2016-11-12,2.28,-1.28,5.39,0.0
2016-11-13,4.83,4.0,6.0,1.0
2016-11-14,4.78,2.5,7.11,1.0
2016-11-15,9.56,5.5,12.28,1.0
2016-11-16,12.22,10.72,13.0,2.0
2016-11-17,10.5,8.0,12.0,13.0
2016-11-18,6.28,3.0,9.0,5.0
2016-11-19,5.89,4.39,7.28,26.0
2016-11-20,9.56,5.61,13.0,0.0
2016-11-21,12.33,9.0,14.11,6.0
2016-11-22,10.72,8.61,13.0,3.0
2016-11-23,9.06,7.39,12.0,0.0
2016-11-24,8.33,4.89,11.0,0.0
2016-11-25,4.33,2.0,8.0,0.0
2016-11-26,4.33,1.72,7.22,0.0
2016-11-27,4.78,1.0,8.39,0.0
2016-11-28,1.0,-2.0,4.5,0.0
2016-11-29,-1.44,-4.11,2.22,0.0
2016-11-30,0.33,-3.39,5.0,0.0
2016-12-01,3.89,0.39,6.0,0.0
2016-12-02,6.67,2.0,9.0,0.0
2016-12-03,0.89,-2.0,4.39,0.0
2016-12-04,-0.5,-3.39,4.0,0.0
2016-12-05,0.44,-3.11,5.89,0.0
2016-12-06,3.06,-1.28,8.5,0.0
2016-12-07,7.17,3.5,11.11,0.0
2016-12-08,7.28,5.61,9.39,0.0
2016-12-09,8.83,7.0,12.39,0.0
2016-12-10,7.39,5.0,10.0,1.0
2016-12-11,7.89,6.61,10.0,1.0
2016-12-12,6.17,4.0,8.11,2.0
2016-12-13,6.5,5.0,8.0,1.0
2016-12-14,7.56,4.78,11.0,2.0
2016-12-15,5.61,2.89,8.39,0.0
2016-12-16,6.78,4.0,10.0,0.0
2016-12-17,5.11,2.0,7.0,0.0
2016-12-18,6.39,5.78,7.28,0.0
2016-12-19,5.5,1.0,7.28,0.0
2016-12-20,0.61,-2.0,3.28,0.0
2016-12-21,4.0,0.39,7.11,0.0
2016-12-22,5.89,4.0,7.22,4.0
2016-12-23,5.5,3.72,8.0,6.0
2016-12-24,7.56,5.11,8.28,0.0
2016-12-25,9.17,7.61,10.28,1.0
2016-12-26,7.5,4.0,11.0,0.0
2016-12-27,3.89,1.0,8.0,4.0
2016-12-28,1.33,-0.39,2.0,0.0
2016-12-29,-1.56,-5.0,1.11,0.0
2016-12-30,-0.5,-4.89,4.39,0.0
2016-12-31,-2.17,-3.0,-1.0,0.0
2017-01-01,-0.5299999999999998,-1.6400000000000001,1.6400000000000001,1.0
2017-01-02,1.11,-0.28,4.28,2.0
2017-01-03,1.56,-1.0,3.0,1.0
2017-01-04,3.89,2.0,7.0,0.0
2017-01-05,1.11,-3.0,4.0,3.0
2017-01-06,-2.61,-5.0,0.39,0.0
2017-01-07,-1.11,-3.0,1.0,0.0
2017-01-08,2.89,0.11,5.0,2.0
2017-01-09,4.44,2.0,6.0,0.0
2017-01-10,4.94,3.0,6.0,4.0
2017-01-11,6.44,4.0,9.5,1.0
2017-01-12,4.89,0.0,7.0,2.0
2017-01-13,1.94,-0.28,4.0,12.0
2017-01-14,1.28,0.0,4.0,12.0
2017-01-15,1.0,-0.61,2.39,7.0
2017-01-16,0.56,-2.0,2.39,0.0
2017-01-17,-2.39,-4.0,0.0,0.0
2017-01-18,-3.17,-5.0,-0.61,0.0
2017-01-19,-1.94,-6.0,3.0,0.0
2017-01-20,-0.94,-5.28,5.0,0.0
2017-01-21,-1.22,-5.11,3.28,0.0
2017-01-22,-1.39,-6.0,4.0,0.0
2017-01-23,0.83,-3.22,2.78,0.0
2017-01-24,0.78,-1.0,3.0,0.0
2017-01-25,-1.44,-4.0,0.0,2.0
2017-01-26,-2.22,-4.0,0.28,0.0
2017-01-27,1.78,-4.61,7.0,0.0
2017-01-28,7.17,4.0,10.11,0.0
2017-01-29,4.56,3.0,6.39,0.0
2017-01-30,5.94,4.0,8.0,6.0
2017-01-31,2.22,1.0,3.61,2.0
2017-02-01,5.61,1.0,9.0,0.0
2017-02-02,9.94,6.89,13.0,0.0
2017-02-03,9.06,7.0,11.0,0.0
2017-02-04,5.44,4.0,7.22,0.0
2017-02-05,5.17,3.5,7.0,4.0
2017-02-06,5.44,3.0,8.0,2.0
2017-02-07,5.06,4.61,6.0,0.0
2017-02-08,3.28,1.0,5.0,2.0
2017-02-09,0.67,-2.0,2.0,2.0
2017-02-10,-1.44,-3.22,0.0,0.0
2017-02-11,-0.44,-1.11,0.39,0.0
2017-02-12,2.78,0.0,6.0,1.0
2017-02-13,3.72,0.0,8.0,0.0
2017-02-14,5.94,0.0,12.0,0.0
2017-02-15,9.67,5.5,14.0,0.0
2017-02-16,8.0,4.78,12.39,0.0
2017-02-17,7.0,5.0,9.0,0.0
2017-02-18,6.72,2.89,11.11,1.0
2017-02-19,5.94,1.89,9.0,0.0
2017-02-20,9.11,7.0,11.0,0.0
2017-02-21,10.17,9.61,11.11,1.0
2017-02-22,9.89,9.0,10.39,3.0
2017-02-23,8.89,5.0,11.11,8.0
2017-02-24,4.78,1.89,7.39,2.0
2017-02-25,5.33,1.0,9.0,2.0
2017-02-26,8.61,6.0,11.0,0.0
2017-02-27,9.28,6.0,11.61,0.0
2017-02-28,5.22,2.0,7.39,7.0
2017-03-01,6.83,3.39,9.0,4.0
2017-03-02,7.17,3.0,9.11,4.0
2017-03-03,7.94,2.72,12.0,1.0
2017-03-04,9.61,6.61,12.0,0.0
2017-03-05,6.5,5.0,9.39,1.0
2017-03-06,5.94,5.0,7.28,5.0
2017-03-07,6.28,3.78,9.89,2.0
2017-03-08,7.72,3.22,11.11,3.0
2017-03-09,10.33,4.0,14.22,10.0
2017-03-10,6.44,1.61,11.11,1.0
2017-03-11,7.83,1.5,13.11,0.0
2017-03-12,9.28,3.61,16.28,0.0
2017-03-13,7.83,3.0,14.0,0.0
2017-03-14,8.72,3.28,13.39,0.0
2017-03-15,11.22,6.0,16.0,0.0
2017-03-16,10.78,3.89,17.28,0.0
2017-03-17,9.11,6.72,11.11,0.0
2017-03-18,10.17,6.0,12.28,1.0
2017-03-19,10.94,10.0,12.28,9.0
2017-03-20,10.56,9.5,11.5,0.0
2017-03-21,8.11,3.0,10.28,1.0
2017-03-22,6.67,1.11,11.22,0.0
2017-03-23,8.61,1.78,15.0,0.0
2017-03-24,8.5,5.0,14.0,0.0
2017-03-25,8.89,2.0,15.0,0.0
2017-03-26,8.89,3.0,15.28,0.0
2017-03-27,11.0,3.0,17.39,0.0
2017-03-28,12.72,5.61,19.0,0.0
2017-03-29,12.39,8.72,16.0,0.0
2017-03-30,16.0,10.0,21.61,0.0
2017-03-31,15.39,10.0,20.5,0.0
2017-04-01,11.0,8.0,14.39,0.0
2017-04-02,10.72,4.61,16.39,3.0
2017-04-03,8.39,4.0,14.28,0.0
2017-04-04,10.06,3.78,16.11,0.0
2017-04-05,8.61,4.0,12.78,0.0
2017-04-06,7.28,3.0,11.0,0.0
2017-04-07,8.5,1.89,14.0,0.0
2017-04-08,10.56,6.5,16.39,0.0
2017-04-09,13.78,2.5,23.5,0.0
2017-04-10,10.06,4.72,15.0,0.0
2017-04-11,9.06,3.22,14.5,0.0
2017-04-12,9.94,5.78,15.22,0.0
2017-04-13,9.0,2.89,13.89,0.0
2017-04-14,8.17,2.72,12.61,0.0
2017-04-15,8.72,4.0,12.0,0.0
2017-04-16,8.28,3.78,11.5,2.0
2017-04-17,7.61,3.0,11.61,1.0
2017-04-18,5.11,1.5,10.39,6.0
2017-04-19,4.0,-1.5,9.0,2.0
2017-04-20,5.11,-3.0,11.72,0.0
2017-04-21,10.17,2.0,14.89,0.0
2017-04-22,8.83,4.0,12.11,0.0
2017-04-23,7.0,2.5,11.61,1.0
2017-04-24,9.56,2.28,15.0,0.0
2017-04-25,6.22,0.89,10.0,1.0
2017-04-26,5.0,0.28,10.0,1.0
2017-04-27,5.28,-0.28,10.11,4.0
2017-04-28,7.22,2.28,11.11,0.0
2017-04-29,8.61,1.78,13.72,0.0
2017-04-30,12.94,4.0,20.0,0.0
2017-05-01,11.0,7.0,14.5,0.0
2017-05-02,8.89,4.0,12.11,0.0
2017-05-03,9.5,7.0,14.39,3.0
2017-05-04,10.72,8.0,16.0,10.0
2017-05-05,9.22,6.0,12.5,1.0
2017-05-06,12.67,5.72,20.0,0.0
2017-05-07,10.89,8.0,13.22,0.0
2017-05-08,9.17,4.0,14.0,0.0
2017-05-09,8.44,1.89,14.78,0.0
2017-05-10,10.89,1.78,18.11,0.0
2017-05-11,13.89,5.5,23.22,0.0
2017-05-12,15.83,12.5,21.22,14.0
2017-05-13,14.39,9.0,19.39,4.0
2017-05-14,14.33,8.0,19.0,0.0
2017-05-15,15.11,5.39,21.61,0.0
2017-05-16,20.67,15.0,26.11,0.0
2017-05-17,21.67,15.5,27.72,0.0
2017-05-18,16.83,14.0,19.5,0.0
2017-05-19,12.06,7.0,16.78,5.0
2017-05-20,11.5,7.39,17.11,4.0
2017-05-21,14.28,7.0,20.11,0.0
2017-05-22,17.72,9.0,25.28,0.0
2017-05-23,17.06,11.0,21.11,0.0
2017-05-24,16.83,10.89,22.89,0.0
2017-05-25,17.28,9.11,23.61,0.0
2017-05-26,20.22,11.89,26.5,0.0
2017-05-27,22.33,15.28,31.0,0.0
2017-05-28,20.89,15.0,27.0,1.0
2017-05-29,22.28,16.78,31.28,2.0
2017-05-30,18.33,13.0,22.0,0.0
2017-05-31,17.39,10.78,23.89,0.0
2017-06-01,18.67,10.28,25.72,0.0
2017-06-02,20.72,13.0,27.11,0.0
2017-06-03,18.67,14.0,23.78,0.0
2017-06-04,15.61,10.78,20.28,2.0
2017-06-05,16.5,8.0,22.0,0.0
2017-06-06,14.44,12.0,17.5,0.0
2017-06-07,14.39,10.0,18.78,5.0
2017-06-08,18.33,12.0,24.61,1.0
2017-06-09,16.89,11.0,21.0,0.0
2017-06-10,18.33,10.0,25.0,12.0
2017-06-11,21.67,17.0,27.28,0.0
2017-06-12,15.89,12.89,18.39,0.0
2017-06-13,16.56,10.39,21.22,0.0
2017-06-14,18.83,9.0,25.11,0.0
2017-06-15,21.5,13.0,27.11,0.0
2017-06-16,16.39,10.5,20.5,0.0
2017-06-17,19.11,10.39,24.11,0.0
2017-06-18,21.28,12.0,27.5,0.0
2017-06-19,23.89,14.72,31.0,0.0
2017-06-20,24.0,16.61,30.72,0.0
2017-06-21,24.0,15.5,32.0,0.0
2017-06-22,25.28,17.0,32.89,0.0
2017-06-23,19.28,15.72,24.5,0.0
2017-06-24,17.61,14.0,22.22,0.0
2017-06-25,18.39,16.0,23.0,1.0
2017-06-26,18.11,13.0,24.0,1.0
2017-06-27,16.33,11.39,20.28,0.0
2017-06-28,18.5,15.61,22.61,8.0
2017-06-29,17.33,14.0,21.61,1.0
2017-06-30,17.39,12.78,22.0,13.0
2017-07-01,15.28,12.0,17.0,0.0
2017-07-02,15.39,10.0,19.5,2.0
2017-07-03,17.0,8.5,23.72,0.0
2017-07-04,17.78,13.0,24.61,0.0
2017-07-05,20.11,12.89,27.0,0.0
2017-07-06,20.72,13.89,27.28,0.0
2017-07-07,22.56,16.0,28.39,2.0
2017-07-08,20.06,14.0,26.5,0.0
2017-07-09,18.94,11.72,25.61,0.0
2017-07-10,18.72,15.0,25.61,0.0
2017-07-11,17.83,14.0,22.5,1.0
2017-07-12,16.11,10.0,20.11,4.0
2017-07-13,15.78,7.0,22.0,9.0
2017-07-14,16.5,11.72,22.11,0.0
2017-07-15,17.5,11.0,22.28,1.0
2017-07-16,18.83,15.0,22.5,0.0
2017-07-17,19.22,15.0,25.0,0.0
2017-07-18,21.22,12.5,29.11,5.0
2017-07-19,23.5,19.0,29.22,0.0
2017-07-20,19.44,12.0,25.11,1.0
2017-07-21,18.78,9.78,26.78,13.0
2017-07-22,18.67,14.0,24.28,0.0
2017-07-23,15.61,12.0,20.0,5.0
2017-07-24,15.61,13.0,20.78,1.0
2017-07-25,16.39,13.39,21.28,5.0
2017-07-26,18.61,12.28,24.5,4.0
2017-07-27,18.06,15.0,22.0,6.0
2017-07-28,17.28,13.5,21.72,2.0
2017-07-29,21.28,16.11,26.0,0.0
2017-07-30,20.78,15.0,24.0,0.0
2017-07-31,18.78,12.0,24.11,0.0
2017-08-01,18.39,14.0,23.22,0.0
2017-08-02,18.06,15.0,22.22,0.0
2017-08-03,19.78,16.0,24.5,2.0
2017-08-04,19.44,16.28,23.72,1.0
2017-08-05,15.83,12.0,21.39,0.0
2017-08-06,16.11,10.0,22.11,14.0
2017-08-07,17.61,10.0,24.0,0.0
2017-08-08,15.5,14.0,19.0,0.0
2017-08-09,16.78,12.61,22.0,7.0
2017-08-10,14.72,13.28,16.0,0.0
2017-08-11,16.89,13.78,21.5,7.0
2017-08-12,16.28,14.0,19.0,0.0
2017-08-13,17.11,12.5,22.11,2.0
2017-08-14,19.28,13.0,26.0,0.0
2017-08-15,18.0,14.0,22.28,0.0
2017-08-16,18.06,11.89,24.11,4.0
2017-08-17,18.22,14.0,20.78,0.0
2017-08-18,17.28,13.0,21.22,2.0
2017-08-19,15.22,12.0,19.5,19.0
2017-08-20,15.56,11.72,20.11,7.0
2017-08-21,16.72,12.78,20.22,0.0
2017-08-22,19.5,15.72,24.22,0.0
2017-08-23,21.06,14.61,29.11,0.0
2017-08-24,18.0,13.0,23.28,0.0
2017-08-25,18.72,12.22,24.22,0.0
2017-08-26,20.28,15.5,26.39,0.0
2017-08-27,19.72,13.89,25.22,0.0
2017-08-28,20.94,13.0,27.72,0.0
2017-08-29,23.67,16.0,31.22,0.0
2017-08-30,19.5,14.0,24.28,0.0
2017-08-31,15.17,11.78,20.0,19.0
2017-09-01,13.83,9.72,19.61,3.0
2017-09-02,14.5,10.0,20.0,0.0
2017-09-03,14.28,7.72,20.11,0.0
2017-09-04,15.44,11.61,20.0,0.0
2017-09-05,18.89,15.39,23.61,0.0
2017-09-06,16.28,14.0,18.78,1.0
2017-09-07,15.06,13.0,17.5,2.0
2017-09-08,15.17,13.39,17.0,0.0
2017-09-09,13.44,10.0,16.0,4.0
2017-09-10,13.17,9.0,17.0,13.0
2017-09-11,13.83,12.0,17.0,0.0
2017-09-12,14.22,11.72,18.0,2.0
2017-09-13,14.72,12.0,17.28,1.0
2017-09-14,11.61,9.89,13.5,3.0
2017-09-15,11.28,7.89,15.0,3.0
2017-09-16,10.89,6.89,16.22,5.0
2017-09-17,11.28,5.5,16.39,3.0
2017-09-18,11.44,9.0,15.78,4.0
2017-09-19,12.83,10.0,17.11,17.0
2017-09-20,12.94,8.78,17.39,0.0
2017-09-21,13.39,9.0,19.0,0.0
2017-09-22,13.06,8.39,18.5,0.0
2017-09-23,11.5,5.78,17.0,0.0
2017-09-24,13.39,5.78,20.22,0.0
2017-09-25,13.72,8.61,19.22,0.0
2017-09-26,13.06,8.5,19.61,0.0
2017-09-27,14.78,8.5,20.61,0.0
2017-09-28,16.56,13.61,20.5,0.0
2017-09-29,17.94,12.72,24.0,6.0
2017-09-30,13.61,10.0,16.5,7.0
2017-10-01,13.78,10.0,16.5,1.0
2017-10-02,15.56,12.0,19.0,0.0
2017-10-03,12.39,9.89,15.39,5.0
2017-10-04,12.22,9.39,15.0,0.0
2017-10-05,12.39,9.0,15.11,0.0
2017-10-06,10.72,9.0,13.72,2.0
2017-10-07,10.56,9.0,12.39,0.0
2017-10-08,12.22,10.61,15.72,2.0
2017-10-09,12.83,10.0,16.0,2.0
2017-10-10,14.17,12.5,16.89,0.0
2017-10-11,14.28,12.0,16.0,1.0
2017-10-12,13.72,10.0,17.39,0.0
2017-10-13,15.56,9.61,19.72,0.0
2017-10-14,15.67,11.0,21.61,0.0
2017-10-15,16.67,9.89,24.0,0.0
2017-10-16,19.06,15.0,25.0,0.0
2017-10-17,14.39,10.72,17.28,0.0
2017-10-18,14.33,8.39,21.11,0.0
2017-10-19,16.11,9.78,21.39,0.0
2017-10-20,13.39,10.0,17.28,0.0
2017-10-21,13.22,10.0,16.89,4.0
2017-10-22,10.22,8.0,13.0,1.0
2017-10-23,11.56,8.28,14.28,7.0
2017-10-24,15.11,12.28,17.0,0.0
2017-10-25,15.06,12.0,16.28,0.0
2017-10-26,14.06,11.5,16.61,0.0
2017-10-27,11.61,8.0,14.28,2.0
2017-10-28,10.56,7.61,14.0,0.0
2017-10-29,10.56,5.78,14.0,0.0
2017-10-30,7.72,5.28,10.61,4.0
2017-10-31,8.83,5.61,11.0,0.0
2017-11-01,9.78,6.0,14.11,0.0
2017-11-02,9.06,7.0,12.0,0.0
2017-11-03,9.22,6.78,13.78,0.0
2017-11-04,10.56,6.72,14.0,0.0
2017-11-05,7.33,4.0,10.22,1.0
2017-11-06,5.28,0.0,10.22,2.0
2017-11-07,2.89,-1.39,9.0,0.0
2017-11-08,4.83,0.78,6.11,0.0
2017-11-09,7.44,5.78,9.5,1.0
2017-11-10,8.5,6.0,11.0,0.0
2017-11-11,6.72,5.0,8.5,1.0
2017-11-12,5.56,4.0,8.0,2.0
2017-11-13,5.78,2.0,9.61,9.0
2017-11-14,6.22,1.89,9.0,2.0
2017-11-15,8.28,7.0,10.0,0.0
2017-11-16,8.78,7.0,10.0,0.0
2017-11-17,6.5,2.0,10.22,0.0
2017-11-18,5.11,1.28,8.0,0.0
2017-11-19,5.06,2.78,8.0,1.0
2017-11-20,6.33,2.61,10.22,1.0
2017-11-21,10.11,9.28,11.0,4.0
2017-11-22,10.78,9.61,13.0,3.0
2017-11-23,12.0,8.78,15.0,0.0
2017-11-24,7.44,3.89,10.0,2.0
2017-11-25,4.06,2.39,6.39,21.0
2017-11-26,3.89,2.0,6.0,2.0
2017-11-27,6.0,2.89,8.0,0.0
2017-11-28,4.67,1.0,7.39,13.0
2017-11-29,2.72,1.0,5.0,2.0
2017-11-30,1.61,0.0,4.11,0.0
2017-12-01,0.83,-1.28,3.0,9.0
2017-12-02,-1.06,-2.22,0.22,0.0
2017-12-03,1.22,-2.22,3.11,0.0
2017-12-04,5.28,2.0,8.0,2.0
2017-12-05,5.67,1.61,7.0,0.0
2017-12-06,6.78,5.72,7.28,0.0
2017-12-07,5.33,2.72,7.11,0.0
2017-12-08,2.83,0.0,5.5,6.0
2017-12-09,0.83,-0.5,3.0,1.0
2017-12-10,2.94,-0.11,8.0,0.0
2017-12-11,0.83,-0.5,2.11,14.0
2017-12-12,1.11,-0.5,2.22,19.0
2017-12-13,4.83,0.11,8.0,4.0
2017-12-14,3.44,1.89,5.0,15.0
2017-12-15,3.17,1.39,5.0,6.0
2017-12-16,2.72,0.0,4.22,0.0
2017-12-17,2.33,0.0,5.0,2.0
2017-12-18,6.06,2.28,8.0,3.0
2017-12-19,4.56,2.61,6.0,1.0
2017-12-20,7.06,5.22,8.0,0.0
2017-12-21,8.67,7.39,10.0,1.0
2017-12-22,9.17,8.78,10.0,4.0
2017-12-23,9.06,8.0,10.0,1.0
2017-12-24,8.72,8.0,9.11,1.0
2017-12-25,6.39,4.0,8.22,1.0
2017-12-26,5.61,3.72,7.0,1.0
2017-12-27,5.11,2.61,7.22,3.0
2017-12-28,2.56,0.72,4.0,4.0
2017-12-29,2.56,-1.0,6.11,2.0
2017-12-30,9.72,3.78,13.0,3.0
2017-12-31,7.945,4.28,10.61,9.0
2018-01-01,6.17,4.78,8.22,15.0
2018-01-02,6.61,4.72,10.0,6.0
2018-01-03,9.17,5.78,12.0,2.0
2018-01-04,8.61,6.22,12.39,10.0
2018-01-05,7.72,5.0,10.0,5.0
2018-01-06,4.89,1.89,7.0,4.0
2018-01-07,2.89,1.0,5.11,2.0
2018-01-08,2.72,0.0,5.0,0.0
2018-01-09,3.06,-1.0,8.0,0.0
2018-01-10,6.94,4.0,8.0,2.0
2018-01-11,5.83,3.61,8.0,0.0
2018-01-12,5.89,4.0,6.28,0.0
2018-01-13,2.72,1.39,5.0,0.0
2018-01-14,2.61,0.0,6.0,0.0
2018-01-15,5.5,1.61,8.22,0.0
2018-01-16,6.17,4.0,7.5,8.0
2018-01-17,4.17,1.5,6.0,0.0
2018-01-18,6.28,1.78,11.0,2.0
2018-01-19,3.61,1.61,6.11,7.0
2018-01-20,1.94,0.89,3.39,1.0
2018-01-21,2.72,0.0,5.22,7.0
2018-01-22,7.61,2.61,9.39,5.0
2018-01-23,8.56,5.5,11.11,1.0
2018-01-24,11.94,8.0,13.0,0.0
2018-01-25,8.0,6.72,9.28,1.0
2018-01-26,5.78,3.89,8.39,0.0
2018-01-27,5.0,2.72,6.0,0.0
2018-01-28,8.78,4.72,11.0,1.0
2018-01-29,9.33,5.0,10.28,0.0
2018-01-30,5.33,1.5,9.0,1.0
2018-01-31,7.56,3.0,10.0,0.0
2018-02-01,3.22,1.0,6.0,11.0
2018-02-02,3.61,2.0,5.22,0.0
2018-02-03,2.44,1.0,4.28,9.0
2018-02-04,0.61,-1.22,3.0,5.0
2018-02-05,-0.44,-2.5,3.28,0.0
2018-02-06,-1.44,-4.0,1.0,0.0
2018-02-07,-1.83,-4.5,1.61,0.0
2018-02-08,-0.78,-5.0,4.11,0.0
2018-02-09,-0.39,-2.0,1.5,0.0
2018-02-10,2.94,0.0,5.61,1.0
2018-02-11,4.11,1.0,7.39,1.0
2018-02-12,2.22,0.0,5.61,3.0
2018-02-13,1.78,-1.0,6.0,0.0
2018-02-14,1.83,-2.5,5.72,0.0
2018-02-15,5.44,2.0,11.0,1.0
2018-02-16,3.94,0.72,8.11,3.0
2018-02-17,2.39,-1.0,7.39,0.0
2018-02-18,1.78,-2.61,8.0,0.0
2018-02-19,1.78,-0.39,4.0,0.0
2018-02-20,1.72,-2.0,5.0,1.0
2018-02-21,-0.39,-4.0,4.28,0.0
2018-02-22,-0.17,-4.5,4.22,0.0
2018-02-23,-0.94,-4.39,3.0,0.0
2018-02-24,-0.39,-4.22,5.11,0.0
2018-02-25,-2.11,-4.39,1.0,0.0
2018-02-26,-3.94,-7.0,-0.72,0.0
2018-02-27,-4.72,-7.28,-0.61,0.0
2018-02-28,-5.89,-10.11,-2.0,0.0
2018-03-01,-2.89,-7.0,1.0,0.0
2018-03-02,-2.56,-3.28,-1.72,0.0
2018-03-03,0.39,-4.0,5.5,4.0
2018-03-04,5.61,0.28,11.0,0.0
2018-03-05,6.72,2.0,12.0,3.0
2018-03-06,6.61,2.0,11.39,0.0
2018-03-07,5.33,3.28,7.89,0.0
2018-03-08,5.22,2.0,8.5,6.0
2018-03-09,6.67,3.0,9.11,5.0
2018-03-10,11.56,7.5,14.28,2.0
2018-03-11,11.78,9.0,15.89,1.0
2018-03-12,10.0,7.78,13.28,4.0
2018-03-13,6.0,4.0,8.39,1.0
2018-03-14,7.89,2.5,13.0,3.0
2018-03-15,7.06,5.0,9.0,0.0
2018-03-16,7.5,2.0,12.61,7.0
2018-03-17,-1.22,-2.39,2.0,0.0
2018-03-18,-1.22,-2.5,0.22,0.0
2018-03-19,-0.78,-4.0,3.0,0.0
2018-03-20,2.39,-4.28,8.0,0.0
2018-03-21,3.0,-1.28,7.5,0.0
2018-03-22,5.22,2.0,7.0,0.0
2018-03-23,5.67,4.0,7.22,6.0
2018-03-24,7.61,4.72,12.22,0.0
2018-03-25,7.11,1.22,13.39,0.0
2018-03-26,6.06,1.5,11.11,0.0
2018-03-27,6.0,0.28,9.28,0.0
2018-03-28,6.78,4.0,10.39,5.0
2018-03-29,7.11,3.89,10.72,8.0
2018-03-30,8.0,4.39,14.0,0.0
2018-03-31,7.06,3.39,13.22,5.0
2018-04-01,5.94,4.0,8.22,3.0
2018-04-02,9.28,3.72,15.0,1.0
2018-04-03,12.0,9.0,16.0,1.0
2018-04-04,10.39,7.5,14.89,1.0
2018-04-05,6.89,3.0,10.0,3.0
2018-04-06,9.28,2.0,16.61,1.0
2018-04-07,14.44,7.22,21.39,0.0
2018-04-08,15.94,8.28,23.28,0.0
2018-04-09,13.39,10.0,17.61,0.0
2018-04-10,13.83,10.72,19.72,0.0
2018-04-11,10.44,7.0,13.0,2.0
2018-04-12,9.72,7.0,13.0,0.0
2018-04-13,10.78,6.0,16.0,0.0
2018-04-14,11.94,5.78,17.61,0.0
2018-04-15,13.72,10.0,17.5,7.0
2018-04-16,12.06,7.89,17.0,1.0
2018-04-17,14.11,7.0,20.28,0.0
2018-04-18,17.89,8.89,25.0,0.0
2018-04-19,20.17,10.72,28.0,0.0
2018-04-20,19.78,12.0,27.0,0.0
2018-04-21,16.72,9.5,24.0,0.0
2018-04-22,19.28,9.89,26.39,0.0
2018-04-23,14.17,9.0,17.72,0.0
2018-04-24,12.39,8.5,16.0,0.0
2018-04-25,12.56,8.78,16.0,0.0
2018-04-26,10.17,5.78,14.72,1.0
2018-04-27,11.94,4.78,17.72,2.0
2018-04-28,12.67,7.0,16.61,0.0
2018-04-29,9.61,5.61,12.0,0.0
2018-04-30,9.11,4.78,13.0,27.0
2018-05-01,8.67,5.0,13.39,10.0
2018-05-02,11.0,5.0,16.39,1.0
2018-05-03,11.11,6.72,16.0,1.0
2018-05-04,12.0,4.28,19.0,0.0
2018-05-05,15.28,7.0,22.28,0.0
2018-05-06,18.06,8.22,26.5,0.0
2018-05-07,19.5,12.0,26.0,0.0
2018-05-08,20.33,11.28,27.5,0.0
2018-05-09,17.78,12.78,23.89,0.0
2018-05-10,12.56,6.0,16.22,0.0
2018-05-11,12.94,5.0,19.72,0.0
2018-05-12,17.39,9.39,23.89,0.0
2018-05-13,12.22,11.0,14.61,0.0
2018-05-14,13.28,10.89,19.0,2.0
2018-05-15,17.44,11.0,24.39,0.0
2018-05-16,15.22,10.78,21.5,0.0
2018-05-17,11.89,7.0,17.11,0.0
2018-05-18,10.44,5.5,16.0,0.0
2018-05-19,10.0,4.39,14.5,0.0
2018-05-20,14.56,6.72,24.0,0.0
2018-05-21,17.11,12.39,24.39,0.0
2018-05-22,16.83,11.61,24.0,2.0
2018-05-23,17.44,13.39,23.0,6.0
2018-05-24,17.5,13.0,23.39,14.0
2018-05-25,19.39,12.89,25.0,51.0
2018-05-26,21.89,13.89,28.0,0.0
2018-05-27,21.67,16.89,27.11,0.0
2018-05-28,22.67,16.0,28.5,1.0
2018-05-29,20.5,16.0,25.0,0.0
2018-05-30,21.22,14.61,26.39,0.0
2018-05-31,20.83,18.39,25.0,0.0
2018-06-01,17.67,16.0,19.5,2.0
2018-06-02,16.83,14.72,20.0,9.0
2018-06-03,18.83,12.78,24.5,0.0
2018-06-04,19.22,14.72,25.0,0.0
2018-06-05,16.28,13.0,19.39,0.0
2018-06-06,19.78,10.61,27.78,0.0
2018-06-07,20.17,16.89,24.11,0.0
2018-06-08,18.28,15.0,23.0,3.0
2018-06-09,19.17,14.72,24.5,0.0
2018-06-10,19.83,15.61,25.0,0.0
2018-06-11,17.94,14.0,23.0,0.0
2018-06-12,14.94,11.0,18.72,0.0
2018-06-13,14.17,9.72,18.39,0.0
2018-06-14,15.33,9.89,19.28,0.0
2018-06-15,17.28,10.0,23.39,0.0
2018-06-16,16.72,11.61,22.39,0.0
2018-06-17,15.89,12.5,18.78,0.0
2018-06-18,17.22,14.78,20.72,0.0
2018-06-19,17.67,13.78,20.28,0.0
2018-06-20,21.0,16.72,27.0,0.0
2018-06-21,14.72,9.0,18.0,0.0
2018-06-22,12.83,9.0,16.72,0.0
2018-06-23,14.61,7.5,20.61,0.0
2018-06-24,15.11,10.78,20.22,0.0
2018-06-25,17.0,10.89,23.0,0.0
2018-06-26,16.83,10.0,24.11,0.0
2018-06-27,19.33,11.5,26.28,0.0
2018-06-28,21.0,13.78,27.39,0.0
2018-06-29,21.39,13.5,28.11,0.0
2018-06-30,21.5,12.28,29.28,0.0
2018-07-01,22.28,15.72,28.22,0.0
2018-07-02,20.94,12.0,28.0,0.0
2018-07-03,21.39,12.28,29.28,0.0
2018-07-04,21.61,15.5,28.0,0.0
2018-07-05,20.56,15.0,26.28,2.0
2018-07-06,21.33,15.0,27.78,0.0
2018-07-07,21.17,14.5,27.11,0.0
2018-07-08,19.28,13.61,25.11,0.0
2018-07-09,19.0,12.72,24.5,0.0
2018-07-10,15.17,14.0,16.72,0.0
2018-07-11,17.44,11.78,23.22,0.0
2018-07-12,19.11,14.0,24.78,0.0
2018-07-13,19.0,12.39,25.78,0.0
2018-07-14,20.33,12.72,27.22,0.0
2018-07-15,22.06,13.22,29.0,4.0
2018-07-16,22.39,13.72,30.0,0.0
2018-07-17,20.56,15.0,26.28,0.0
2018-07-18,19.17,10.89,25.39,0.0
2018-07-19,20.06,11.78,26.5,0.0
2018-07-20,19.78,12.39,26.11,0.0
2018-07-21,21.11,15.72,27.0,0.0
2018-07-22,21.44,12.28,28.0,0.0
2018-07-23,24.28,19.0,29.39,0.0
2018-07-24,24.78,15.89,31.0,0.0
2018-07-25,26.06,19.72,32.11,0.0
2018-07-26,24.78,18.89,36.0,0.0
2018-07-27,26.56,20.0,35.22,29.0
2018-07-28,21.06,16.0,25.0,0.0
2018-07-29,21.44,15.39,27.0,3.0
2018-07-30,23.39,18.0,29.61,0.0
2018-07-31,22.44,18.0,27.22,0.0
2018-08-01,21.72,14.61,28.72,0.0
2018-08-02,22.83,16.22,29.78,0.0
2018-08-03,24.61,15.28,32.72,0.0
2018-08-04,23.11,17.0,30.61,0.0
2018-08-05,21.33,15.5,27.39,0.0
2018-08-06,24.39,13.5,33.0,0.0
2018-08-07,26.67,16.0,34.72,0.0
2018-08-08,19.39,14.0,23.0,2.0
2018-08-09,17.06,13.0,22.89,3.0
2018-08-10,17.39,12.39,22.78,2.0
2018-08-11,16.78,12.0,22.0,4.0
2018-08-12,21.33,13.39,28.0,0.0
2018-08-13,18.17,16.0,22.0,7.0
2018-08-14,18.44,15.61,22.11,3.0
2018-08-15,18.22,15.61,21.11,0.0
2018-08-16,20.0,14.78,26.61,0.0
2018-08-17,17.61,13.0,22.61,1.0
2018-08-18,17.33,12.0,21.11,26.0
2018-08-19,19.17,13.39,24.22,0.0
2018-08-20,20.17,18.22,22.78,0.0
2018-08-21,21.22,15.5,26.0,0.0
2018-08-22,20.28,16.0,25.0,0.0
2018-08-23,18.39,14.0,23.0,0.0
2018-08-24,16.5,12.0,19.0,1.0
2018-08-25,13.33,9.89,17.89,1.0
2018-08-26,14.17,8.0,18.5,2.0
2018-08-27,16.83,13.39,19.11,3.0
2018-08-28,17.0,12.0,21.0,2.0
2018-08-29,15.67,10.89,22.0,0.0
2018-08-30,15.89,12.0,19.39,3.0
2018-08-31,14.28,9.0,19.22,3.0
2018-09-01,14.17,6.78,20.5,0.0
2018-09-02,15.56,7.39,23.0,0.0
2018-09-03,17.0,14.0,20.0,0.0
2018-09-04,19.44,17.0,24.61,0.0
2018-09-05,19.89,16.0,24.22,0.0
2018-09-06,17.83,13.0,22.0,0.0
2018-09-07,14.72,10.78,18.0,0.0
2018-09-08,14.72,10.0,19.61,1.0
2018-09-09,18.33,12.5,25.0,0.0
2018-09-10,17.89,14.0,23.39,0.0
2018-09-11,20.06,14.22,26.22,0.0
2018-09-12,15.83,13.0,20.22,0.0
2018-09-13,14.61,10.0,18.72,1.0
2018-09-14,13.61,6.0,19.28,0.0
2018-09-15,15.39,10.72,21.11,0.0
2018-09-16,16.61,10.5,23.0,0.0
2018-09-17,17.11,10.78,26.0,0.0
2018-09-18,21.5,14.0,26.28,0.0
2018-09-19,19.33,14.0,24.72,0.0
2018-09-20,19.61,14.0,25.0,0.0
2018-09-21,16.06,12.0,20.28,0.0
2018-09-22,12.22,10.0,16.28,2.0
2018-09-23,10.72,9.0,12.0,5.0
2018-09-24,7.33,5.0,9.0,0.0
2018-09-25,9.83,3.39,15.72,3.0
2018-09-26,11.5,4.5,19.22,0.0
2018-09-27,13.39,5.0,22.0,0.0
2018-09-28,11.44,6.0,16.11,0.0
2018-09-29,8.89,2.39,15.0,0.0
2018-09-30,9.78,2.0,16.0,0.0
2018-10-01,9.67,6.0,13.0,0.0
2018-10-02,11.94,6.0,17.0,2.0
2018-10-03,13.11,10.5,16.11,1.0
2018-10-04,14.33,9.0,19.39,0.0
2018-10-05,13.94,7.0,22.0,0.0
2018-10-06,16.39,11.28,23.0,0.0
2018-10-07,11.78,6.0,15.0,1.0
2018-10-08,9.72,3.0,16.28,0.0
2018-10-09,12.44,4.22,20.0,0.0
2018-10-10,15.28,7.89,22.28,35.0
2018-10-11,19.06,14.28,24.0,0.0
2018-10-12,18.11,13.0,23.0,2.0
2018-10-13,19.39,16.0,25.0,0.0
2018-10-14,18.89,15.89,23.61,0.0
2018-10-15,18.0,12.0,24.0,0.0
2018-10-16,16.56,10.0,24.11,0.0
2018-10-17,14.44,10.0,19.39,0.0
2018-10-18,12.61,9.61,17.28,0.0
2018-10-19,11.83,7.0,15.11,0.0
2018-10-20,8.72,4.0,14.0,0.0
2018-10-21,9.61,3.0,16.39,0.0
2018-10-22,11.44,4.72,15.0,0.0
2018-10-23,10.22,4.5,15.0,0.0
2018-10-24,14.0,11.39,16.11,0.0
2018-10-25,11.72,10.0,13.22,0.0
2018-10-26,9.56,6.0,12.0,1.0
2018-10-27,6.33,2.0,9.22,2.0
2018-10-28,3.28,1.0,6.22,1.0
2018-10-29,3.89,1.61,6.0,0.0
2018-10-30,5.33,2.5,8.5,3.0
2018-10-31,7.61,3.0,11.22,20.0
2018-11-01,10.17,8.89,12.11,0.0
2018-11-02,7.22,2.89,11.0,2.0
2018-11-03,4.44,0.89,10.0,0.0
2018-11-04,6.78,0.0,13.0,0.0
2018-11-05,9.33,5.61,14.0,0.0
2018-11-06,14.33,11.89,18.78,0.0
2018-11-07,10.89,9.0,13.22,0.0
2018-11-08,9.33,5.5,13.0,1.0
2018-11-09,9.22,4.89,13.0,0.0
2018-11-10,11.61,10.0,12.28,0.0
2018-11-11,11.39,9.89,13.11,3.0
2018-11-12,10.0,8.78,11.0,11.0
2018-11-13,10.06,7.0,13.0,10.0
2018-11-14,8.72,6.0,13.0,0.0
2018-11-15,8.06,3.0,15.0,0.0
2018-11-16,5.56,4.89,6.22,0.0
2018-11-17,5.4399999999999995,4.191428571428571,6.76,0.0
2018-11-18,5.319999999999999,3.492857142857143,7.3,0.0
2018-11-19,5.199999999999999,2.794285714285714,7.84,0.0
2018-11-20,5.08,2.0957142857142856,8.379999999999999,0.0
2018-11-21,4.96,1.3971428571428572,8.92,0.0
2018-11-22,4.84,0.6985714285714284,9.46,0.0
2018-11-23,4.72,0.0,10.0,0.0
2018-11-24,3.17,1.78,4.22,0.0
2018-11-25,3.28,2.0,4.0,6.0
2018-11-26,4.61,3.0,6.0,0.0
2018-11-27,4.28,3.0,6.0,4.0
2018-11-28,7.67,5.72,11.0,0.0
2018-11-29,10.78,9.61,12.0,2.0
2018-11-30,9.61,7.0,11.39,2.0
2018-12-01,7.44,5.0,10.0,0.0
2018-12-02,12.39,8.89,14.0,2.0
2018-12-03,12.28,8.0,14.0,10.0
2018-12-04,6.61,3.0,9.0,5.0
2018-12-05,7.5,2.78,10.22,1.0
2018-12-06,11.44,9.61,12.28,1.0
2018-12-07,10.11,6.72,12.0,1.0
2018-12-08,8.89,6.0,11.0,10.0
2018-12-09,8.39,5.0,10.0,9.0
2018-12-10,5.56,3.61,8.0,3.0
2018-12-11,3.72,1.78,7.0,1.0
2018-12-12,1.22,-0.5,3.0,0.0
2018-12-13,-0.28,-3.0,2.28,0.0
2018-12-14,-0.56,-3.22,1.22,0.0
2018-12-15,0.28,-0.5,1.0,0.0
2018-12-16,2.28,0.0,4.0,6.0
2018-12-17,6.5,2.39,9.0,2.0
2018-12-18,7.22,5.78,9.0,0.0
2018-12-19,7.56,6.0,9.22,0.0
2018-12-20,7.61,6.11,8.28,0.0
2018-12-21,10.72,7.5,13.0,1.0
2018-12-22,9.94,7.61,11.22,16.0
2018-12-23,9.06,6.89,12.0,4.0
2018-12-24,5.22,1.0,7.28,9.0
2018-12-25,1.17,-1.0,5.28,1.0
2018-12-26,0.5,-1.5,5.0,0.0
2018-12-27,1.22,-1.28,5.0,0.0
2018-12-28,0.72,-1.39,3.0,0.0
2018-12-29,5.39,1.72,9.0,0.0
2018-12-30,6.72,4.0,9.0,0.0
2018-12-31,8.89,8.0,10.0,0.0
2019-01-01,6.94,5.0,8.28,1.0
2019-01-02,4.78,3.39,6.0,0.0
2019-01-03,4.0,2.0,5.11,0.0
2019-01-04,3.56,2.0,5.0,0.0
2019-01-05,5.33,3.11,6.0,0.0
2019-01-06,4.56,3.0,6.0,1.0
2019-01-07,6.17,1.28,9.0,0.0
2019-01-08,6.61,4.61,9.28,2.0
2019-01-09,4.17,2.0,6.11,3.0
2019-01-10,2.44,0.89,4.11,1.0
2019-01-11,5.17,1.61,8.0,0.0
2019-01-12,6.78,4.89,8.0,3.0
2019-01-13,8.5,6.89,10.0,1.0
2019-01-14,6.06,4.0,8.0,9.0
2019-01-15,5.67,2.28,7.0,1.0
2019-01-16,5.67,4.89,6.28,0.0
2019-01-17,3.72,1.0,6.0,2.0
2019-01-18,0.44,-2.0,2.0,8.0
2019-01-19,-0.56,-2.39,2.22,0.0
2019-01-20,-2.17,-5.0,2.0,0.0
2019-01-21,-2.11,-6.0,3.22,0.0
2019-01-22,-1.28,-3.28,0.0,0.0
2019-01-23,-1.17,-2.0,0.0,1.0
2019-01-24,-0.33,-2.0,1.39,1.0
2019-01-25,0.72,-3.0,5.0,0.0
2019-01-26,6.39,2.11,8.0,1.0
2019-01-27,5.22,3.0,7.5,2.0
2019-01-28,3.17,1.0,6.0,8.0
2019-01-29,1.56,-0.5,4.0,16.0
2019-01-30,0.22,-1.0,2.11,0.0
2019-01-31,-1.61,-4.0,-0.61,2.0
2019-02-01,2.0,-2.0,5.5,0.0
2019-02-02,1.61,0.0,3.0,3.0
2019-02-03,2.39,0.0,6.0,18.0
2019-02-04,1.61,-0.39,4.0,0.0
2019-02-05,3.44,1.78,6.0,0.0
2019-02-06,5.28,1.61,8.0,0.0
2019-02-07,7.83,5.78,9.39,3.0
2019-02-08,7.72,5.61,9.39,4.0
2019-02-09,7.94,6.39,9.39,5.0
2019-02-10,7.28,4.61,10.0,5.0
2019-02-11,4.5,1.0,7.0,12.0
2019-02-12,3.56,0.0,8.11,0.0
2019-02-13,3.78,0.61,8.0,0.0
2019-02-14,5.83,-1.22,13.22,0.0
2019-02-15,8.22,0.0,16.28,0.0
2019-02-16,8.0,3.0,15.0,0.0
2019-02-17,9.44,3.39,16.0,0.0
2019-02-18,9.28,4.72,15.0,0.0
2019-02-19,7.78,4.0,11.0,0.0
2019-02-20,6.72,3.0,11.0,0.0
2019-02-21,9.17,4.72,13.0,0.0
2019-02-22,8.33,5.39,12.0,0.0
2019-02-23,7.94,3.89,13.0,0.0
2019-02-24,8.0,0.0,15.0,0.0
2019-02-25,9.72,2.72,18.0,0.0
2019-02-26,10.78,2.0,18.0,0.0
2019-02-27,10.83,2.72,18.0,0.0
2019-02-28,8.72,4.72,12.0,0.0
2019-03-01,6.89,6.0,9.0,1.0
2019-03-02,8.33,5.89,11.0,2.0
2019-03-03,11.06,9.0,13.0,0.0
2019-03-04,8.67,5.0,13.0,3.0
2019-03-05,6.94,3.89,10.78,4.0
2019-03-06,10.0,8.0,12.0,2.0
2019-03-07,8.67,6.72,11.0,1.0
2019-03-08,7.94,5.78,11.0,13.0
2019-03-09,9.61,7.0,12.22,4.0
2019-03-10,8.0,4.0,12.0,1.0
2019-03-11,5.22,2.61,8.0,10.0
2019-03-12,7.0,4.0,10.0,1.0
2019-03-13,6.56,4.39,9.39,1.0
2019-03-14,8.28,6.0,12.0,3.0
2019-03-15,10.06,6.72,12.11,14.0
2019-03-16,10.39,7.78,12.0,8.0
2019-03-17,6.61,3.0,10.0,3.0
2019-03-18,5.0,0.89,9.39,4.0
2019-03-19,6.0,0.0,10.28,1.0
2019-03-20,8.89,4.5,13.0,0.0
2019-03-21,9.22,3.5,14.28,0.0
2019-03-22,10.0,3.0,18.0,0.0
2019-03-23,9.0,6.0,11.0,0.0
2019-03-24,7.67,4.61,11.0,0.0
2019-03-25,7.17,4.39,10.0,1.0
2019-03-26,7.28,3.0,10.0,0.0
2019-03-27,7.67,3.0,11.0,0.0
2019-03-28,9.0,6.0,12.0,0.0
2019-03-29,10.5,1.78,17.0,0.0
2019-03-30,12.67,6.39,18.0,0.0
2019-03-31,8.89,4.72,13.22,0.0
2019-04-01,9.06,1.0,16.0,0.0
2019-04-02,10.28,5.0,16.0,0.0
2019-04-03,6.06,2.72,9.22,3.0
2019-04-04,5.83,1.89,10.0,3.0
2019-04-05,7.61,-0.72,13.0,0.0
2019-04-06,9.89,6.89,14.0,0.0
2019-04-07,13.11,7.61,19.39,0.0
2019-04-08,10.0,8.22,12.0,0.0
2019-04-09,9.78,7.0,11.28,1.0
2019-04-10,7.61,1.0,13.0,5.0
2019-04-11,5.17,-1.28,11.0,0.0
2019-04-12,4.06,-0.11,8.0,0.0
2019-04-13,2.56,-3.0,7.0,0.0
2019-04-14,3.78,-2.11,10.0,0.0
2019-04-15,8.72,0.39,16.0,0.0
2019-04-16,11.89,5.5,18.0,0.0
2019-04-17,11.94,9.0,15.0,0.0
2019-04-18,14.78,5.89,21.0,0.0
2019-04-19,16.67,8.5,23.28,0.0
2019-04-20,16.56,6.72,24.0,0.0
2019-04-21,16.83,7.78,24.0,0.0
2019-04-22,17.72,8.28,24.0,0.0
2019-04-23,15.5,9.72,21.0,0.0
2019-04-24,15.72,10.0,23.0,0.0
2019-04-25,11.56,8.0,16.0,2.0
2019-04-26,12.0,6.61,17.0,3.0
2019-04-27,9.94,8.0,12.0,0.0
2019-04-28,8.39,4.61,11.39,3.0
2019-04-29,9.67,2.0,16.0,3.0
2019-04-30,10.78,7.0,15.0,0.0
2019-05-01,9.83,2.78,15.0,0.0
2019-05-02,9.11,4.78,12.0,0.0
2019-05-03,8.78,5.0,11.22,7.0
2019-05-04,6.0,3.0,10.0,4.0
2019-05-05,6.33,2.39,11.0,7.0
2019-05-06,7.0,1.78,11.0,1.0
2019-05-07,9.0,2.61,14.0,1.0
2019-05-08,10.11,8.0,14.0,0.0
2019-05-09,11.11,7.0,15.22,2.0
2019-05-10,10.89,8.78,14.0,1.0
2019-05-11,10.67,6.0,15.0,5.0
2019-05-12,9.0,3.5,14.0,1.0
2019-05-13,9.5,2.39,16.0,0.0
2019-05-14,10.22,3.0,16.0,0.0
2019-05-15,11.44,5.0,16.22,0.0
2019-05-16,11.67,5.28,16.39,0.0
2019-05-17,10.72,8.78,13.0,0.0
2019-05-18,13.94,6.89,20.0,0.0
2019-05-19,13.72,11.0,18.0,0.0
2019-05-20,11.39,10.0,13.0,2.0
2019-05-21,12.22,8.0,17.0,1.0
2019-05-22,13.72,7.89,19.11,0.0
2019-05-23,16.33,8.0,22.0,0.0
2019-05-24,16.28,10.0,22.22,0.0
2019-05-25,12.94,7.0,18.0,0.0
2019-05-26,14.83,8.89,20.11,3.0
2019-05-27,15.17,12.0,18.28,2.0
2019-05-28,11.44,6.0,15.0,2.0
2019-05-29,13.33,5.5,19.0,33.0
2019-05-30,16.67,12.39,21.0,0.0
2019-05-31,16.61,12.11,20.0,0.0
2019-06-01,20.0,11.89,26.5,0.0
2019-06-02,22.72,15.0,29.11,0.0
2019-06-03,17.44,13.0,20.0,0.0
2019-06-04,18.5,11.22,26.11,0.0
2019-06-05,14.94,10.0,18.0,2.0
2019-06-06,13.22,9.89,18.0,16.0
2019-06-07,14.17,9.5,21.0,8.0
2019-06-08,14.0,10.0,17.0,0.0
2019-06-09,14.11,8.61,19.0,2.0
2019-06-10,15.33,10.5,21.0,0.0
2019-06-11,14.17,8.72,18.28,17.0
2019-06-12,13.89,11.0,18.28,0.0
2019-06-13,13.94,10.0,19.0,8.0
2019-06-14,17.22,9.72,23.0,9.0
2019-06-15,15.89,12.0,21.0,1.0
2019-06-16,16.33,11.78,21.0,24.0
2019-06-17,19.17,11.39,25.11,0.0
2019-06-18,20.94,14.22,27.0,0.0
2019-06-19,19.56,16.0,27.0,0.0
2019-06-20,16.78,11.0,20.22,4.0
2019-06-21,15.0,9.89,20.0,0.0
2019-06-22,16.67,8.78,23.0,0.0
2019-06-23,21.56,12.5,28.0,0.0
2019-06-24,24.61,18.72,31.0,0.0
2019-06-25,25.61,19.0,31.22,0.0
2019-06-26,20.06,16.0,26.0,0.0
2019-06-27,18.5,13.0,24.22,0.0
2019-06-28,18.56,10.39,25.0,0.0
2019-06-29,23.72,12.39,31.39,0.0
2019-06-30,22.44,17.0,25.11,0.0
2019-07-01,18.06,13.0,23.0,0.0
2019-07-02,17.22,11.28,22.0,0.0
2019-07-03,15.5,10.0,21.0,0.0
2019-07-04,16.17,8.0,22.28,0.0
2019-07-05,19.0,12.61,26.0,0.0
2019-07-06,19.0,13.0,25.39,0.0
2019-07-07,15.78,10.0,20.0,0.0
2019-07-08,13.94,7.72,18.61,0.0
2019-07-09,14.67,6.72,21.0,0.0
2019-07-10,17.61,10.22,23.0,0.0
2019-07-11,19.61,15.39,25.0,0.0
2019-07-12,17.61,14.22,21.22,0.0
2019-07-13,16.89,13.72,21.0,12.0
2019-07-14,15.83,11.0,19.0,1.0
2019-07-15,14.22,9.61,18.0,0.0
2019-07-16,15.44,10.22,20.11,0.0
2019-07-17,18.0,9.0,25.0,0.0
2019-07-18,18.94,14.5,23.0,0.0
2019-07-19,19.89,15.0,24.0,0.0
2019-07-20,21.11,17.0,27.0,0.0
2019-07-21,19.33,14.89,25.0,8.0
2019-07-22,21.56,14.0,28.0,0.0
2019-07-23,25.83,14.28,34.28,0.0
2019-07-24,28.83,20.78,37.0,0.0
2019-07-25,29.67,18.78,40.0,0.0
2019-07-26,27.0,19.0,33.0,1.0
2019-07-27,18.94,17.72,20.11,3.0
2019-07-28,17.22,14.72,19.0,37.0
2019-07-29,19.17,13.0,25.0,7.0
2019-07-30,20.94,13.72,26.0,0.0
2019-07-31,18.22,14.89,22.28,0.0
2019-08-01,18.83,14.0,23.0,0.0
2019-08-02,18.17,13.0,22.0,0.0
2019-08-03,18.22,14.61,21.0,4.0
2019-08-04,20.17,12.78,26.0,0.0
2019-08-05,21.61,18.0,25.11,0.0
2019-08-06,19.83,15.0,23.28,0.0
2019-08-07,19.56,14.61,24.0,0.0
2019-08-08,19.06,14.78,24.0,0.0
2019-08-09,21.22,17.11,25.0,0.0
2019-08-10,21.0,16.0,25.0,1.0
2019-08-11,17.5,13.0,20.0,0.0
2019-08-12,15.78,12.0,22.22,0.0
2019-08-13,14.22,11.39,18.5,8.0
2019-08-14,15.67,10.0,21.22,1.0
2019-08-15,17.83,15.0,21.0,4.0
2019-08-16,17.61,13.0,22.0,2.0
2019-08-17,17.67,15.89,19.28,0.0
2019-08-18,16.72,14.61,21.0,3.0
2019-08-19,16.5,12.0,20.0,9.0
2019-08-20,16.22,11.0,21.22,0.0
2019-08-21,16.39,9.0,22.11,0.0
2019-08-22,18.17,9.39,24.22,0.0
2019-08-23,19.39,10.72,27.0,0.0
2019-08-24,22.0,12.61,29.0,0.0
2019-08-25,23.22,14.0,31.0,0.0
2019-08-26,23.83,15.0,31.0,0.0
2019-08-27,25.67,17.5,33.0,0.0
2019-08-28,23.22,19.0,29.0,0.0
2019-08-29,18.94,13.0,23.0,2.0
2019-08-30,17.44,10.28,24.0,2.0
2019-08-31,20.39,11.39,31.0,0.0
2019-09-01,16.78,10.0,21.0,1.0
2019-09-02,15.39,9.0,21.0,0.0
2019-09-03,15.89,12.72,19.0,0.0
2019-09-04,15.89,12.5,22.0,0.0
2019-09-05,13.06,8.0,16.28,3.0
2019-09-06,13.56,6.89,20.0,2.0
2019-09-07,13.89,11.72,17.22,0.0
2019-09-08,13.28,9.0,17.22,4.0
2019-09-09,12.28,6.61,18.0,0.0
2019-09-10,14.39,5.78,21.0,0.0
2019-09-11,15.5,11.61,19.0,0.0
2019-09-12,19.39,16.0,23.22,2.0
2019-09-13,17.89,13.78,22.0,0.0
2019-09-14,15.67,9.39,22.0,0.0
2019-09-15,16.61,8.5,24.39,0.0
2019-09-16,16.28,12.72,21.0,0.0
2019-09-17,14.17,8.0,18.0,0.0
2019-09-18,11.56,5.5,18.0,0.0
2019-09-19,11.39,4.5,17.0,0.0
2019-09-20,12.61,3.78,20.0,0.0
2019-09-21,16.5,5.28,26.11,0.0
2019-09-22,19.67,15.0,27.0,0.0
2019-09-23,16.33,14.5,20.0,4.0
2019-09-24,15.06,13.0,18.0,0.0
2019-09-25,14.89,12.89,17.0,11.0
2019-09-26,15.94,13.78,20.0,1.0
2019-09-27,15.39,12.72,19.0,6.0
2019-09-28,14.39,13.0,17.0,1.0
2019-09-29,15.33,12.72,18.39,8.0
2019-09-30,14.56,12.61,18.28,10.0
2019-10-01,15.67,13.28,18.11,2.0
2019-10-02,10.39,8.0,14.39,19.0
2019-10-03,10.44,7.0,14.0,2.0
2019-10-04,11.89,8.72,14.28,0.0
2019-10-05,10.06,7.0,12.0,4.0
2019-10-06,11.11,9.0,16.0,1.0
2019-10-07,10.67,8.0,13.0,11.0
2019-10-08,13.22,11.5,15.0,2.0
2019-10-09,11.5,10.0,13.0,4.0
2019-10-10,12.39,9.0,16.0,1.0
2019-10-11,14.67,11.89,17.11,0.0
2019-10-12,15.78,13.5,19.0,0.0
2019-10-13,18.39,14.39,24.0,0.0
2019-10-14,16.94,11.11,22.39,1.0
2019-10-15,14.44,12.0,17.72,1.0
2019-10-16,12.72,10.0,14.22,1.0
2019-10-17,13.28,10.61,15.39,10.0
2019-10-18,12.78,10.5,14.28,0.0
2019-10-19,11.67,10.0,14.0,2.0
2019-10-20,10.44,8.78,12.0,3.0
2019-10-21,11.67,10.0,13.0,4.0
2019-10-22,12.28,10.0,15.0,6.0
2019-10-23,12.94,10.0,17.0,0.0
2019-10-24,15.11,11.89,20.0,0.0
2019-10-25,13.5,10.78,15.28,0.0
2019-10-26,16.44,14.0,19.39,0.0
2019-10-27,9.44,5.0,15.0,3.0
2019-10-28,7.78,3.5,12.22,6.0
2019-10-29,7.22,3.0,11.0,0.0
2019-10-30,4.56,1.0,9.0,0.0
2019-10-31,4.06,-0.61,9.22,0.0
2019-11-01,9.67,2.39,14.22,0.0
2019-11-02,13.11,11.0,15.0,8.0
2019-11-03,10.67,9.0,13.0,3.0
2019-11-04,10.44,8.61,13.11,7.0
2019-11-05,8.78,7.0,10.0,0.0
2019-11-06,8.56,6.72,10.0,0.0
2019-11-07,7.39,5.0,10.0,1.0
2019-11-08,5.61,2.61,10.0,5.0
2019-11-09,5.72,2.78,8.39,0.0
2019-11-10,4.06,0.0,9.28,1.0
2019-11-11,5.56,1.5,7.11,0.0
2019-11-12,5.0,3.78,7.0,3.0
2019-11-13,6.39,4.11,9.0,1.0
2019-11-14,5.39,3.72,7.0,1.0
2019-11-15,3.61,2.0,6.0,1.0
2019-11-16,3.94,1.0,6.28,0.0
2019-11-17,3.78,-0.22,7.0,0.0
2019-11-18,5.28,3.72,7.39,0.0
2019-11-19,3.89,0.0,7.28,4.0
2019-11-20,1.61,-1.39,6.0,0.0
2019-11-21,1.39,-2.11,5.0,0.0
2019-11-22,7.5,2.39,11.0,0.0
2019-11-23,5.89,4.0,7.39,0.0
2019-11-24,6.33,2.0,11.0,0.0
2019-11-25,8.17,4.5,12.0,0.0
2019-11-26,10.33,7.89,12.0,1.0
2019-11-27,10.39,9.61,11.0,9.0
2019-11-28,9.39,8.0,10.28,4.0
2019-11-29,6.39,3.0,8.22,5.0
2019-11-30,3.0,-0.22,7.0,0.0
2019-12-01,1.28,-1.0,3.0,0.0
2019-12-02,3.56,-1.28,7.61,0.0
2019-12-03,3.0,0.0,7.11,0.0
2019-12-04,2.11,-2.0,6.28,0.0
2019-12-05,0.83,-2.78,3.39,0.0
2019-12-06,5.39,1.28,9.0,0.0
2019-12-07,8.89,6.72,10.0,6.0
2019-12-08,9.17,6.0,11.0,0.0
2019-12-09,6.61,4.0,8.0,9.0
2019-12-10,4.5,1.0,7.28,8.0
2019-12-11,5.56,4.72,7.0,0.0
2019-12-12,4.22,2.0,5.11,3.0
2019-12-13,5.67,3.0,7.0,4.0
2019-12-14,6.44,4.78,8.39,7.0
2019-12-15,7.44,5.0,10.0,4.0
2019-12-16,7.33,5.22,9.0,4.0
2019-12-17,11.44,6.89,15.22,0.0
2019-12-18,7.67,5.0,10.0,1.0
2019-12-19,11.94,7.0,14.0,0.0
2019-12-20,10.94,8.0,13.0,0.0
2019-12-21,7.56,6.39,9.0,1.0
2019-12-22,8.06,6.89,9.0,1.0
2019-12-23,7.78,6.5,9.0,11.0
2019-12-24,8.83,6.0,11.11,2.0
2019-12-25,6.83,2.0,9.11,1.0
2019-12-26,3.94,0.0,7.11,1.0
2019-12-27,6.06,5.0,7.0,2.0
2019-12-28,3.17,0.0,6.0,3.0
2019-12-29,1.5,-1.72,5.0,0.0
2019-12-30,5.17,0.72,10.0,0.0
2019-12-31,3.28,1.78,5.0,0.0
2020-01-01,1.89,0.0,4.0,0.0
2020-01-02,4.06,-0.11,8.22,0.0
2020-01-03,8.28,4.0,10.0,0.0
2020-01-04,5.39,3.0,8.0,4.0
2020-01-05,6.39,5.72,7.22,0.0
2020-01-06,5.5,2.89,8.0,0.0
2020-01-07,6.89,4.5,8.22,1.0
2020-01-08,10.67,6.72,12.0,0.0
2020-01-09,11.67,10.11,13.0,4.0
2020-01-10,7.33,5.0,11.0,2.0
2020-01-11,5.22,3.0,7.0,6.0
2020-01-12,7.06,4.78,9.28,0.0
2020-01-13,7.56,5.72,10.11,0.0
2020-01-14,10.56,8.28,12.0,0.0
2020-01-15,9.61,6.0,12.0,2.0
2020-01-16,7.56,3.39,11.11,2.0
2020-01-17,8.5,5.0,10.28,0.0
2020-01-18,4.22,2.0,7.0,0.0
2020-01-19,3.61,0.61,7.11,0.0
2020-01-20,2.44,-0.61,5.0,0.0
2020-01-21,-0.67,-3.0,2.11,0.0
2020-01-22,1.11,-2.28,4.0,0.0
2020-01-23,2.61,1.0,4.0,0.0
2020-01-24,1.39,0.0,2.0,0.0
2020-01-25,1.56,-0.39,3.0,0.0
2020-01-26,6.06,0.89,10.39,0.0
2020-01-27,8.17,5.0,9.22,5.0
2020-01-28,5.11,3.0,7.0,7.0
2020-01-29,5.06,2.5,7.28,0.0
2020-01-30,8.06,4.72,12.0,0.0
2020-01-31,11.22,9.5,12.22,3.0
2020-02-01,10.67,8.0,12.0,0.0
2020-02-02,9.89,6.0,13.11,10.0
2020-02-03,9.61,5.61,11.0,2.0
2020-02-04,5.44,3.0,7.0,10.0
2020-02-05,5.06,1.0,8.0,4.0
2020-02-06,4.28,0.72,8.39,0.0
2020-02-07,4.17,-1.0,10.0,0.0
2020-02-08,8.06,4.61,11.0,0.0
2020-02-09,9.83,6.61,13.0,2.0
2020-02-10,7.89,3.89,11.0,3.0
2020-02-11,5.67,3.5,7.0,4.0
2020-02-12,4.83,3.0,8.0,0.0
2020-02-13,6.44,3.28,10.0,0.0
2020-02-14,7.5,5.72,9.28,6.0
2020-02-15,10.0,7.0,13.0,0.0
2020-02-16,12.39,7.72,17.0,0.0
2020-02-17,8.06,6.0,10.0,9.0
2020-02-18,6.72,4.89,9.0,1.0
2020-02-19,5.89,3.89,7.39,2.0
2020-02-20,7.89,3.0,10.28,2.0
2020-02-21,6.28,2.61,9.0,7.0
2020-02-22,7.89,5.72,10.11,0.0
2020-02-23,10.11,5.0,13.0,1.0
2020-02-24,8.33,4.61,12.0,5.0
2020-02-25,7.11,3.0,10.28,5.0
2020-02-26,3.44,-0.22,6.0,6.0
2020-02-27,2.06,0.0,4.0,13.0
2020-02-28,4.22,0.72,9.0,10.0
2020-02-29,8.56,4.61,13.0,3.0
2020-03-01,6.89,4.28,9.0,2.0
2020-03-02,5.89,3.89,8.0,0.0
2020-03-03,4.44,1.78,7.22,5.0
2020-03-04,5.78,2.89,8.22,1.0
2020-03-05,6.11,4.78,7.22,6.0
2020-03-06,5.39,4.0,7.0,13.0
2020-03-07,6.61,1.72,10.0,9.0
2020-03-08,8.17,6.72,10.0,1.0
2020-03-09,7.78,5.61,10.0,4.0
2020-03-10,10.5,6.0,13.0,1.0
2020-03-11,12.5,11.0,15.0,14.0
2020-03-12,9.11,5.0,13.28,15.0
2020-03-13,6.94,4.0,10.0,2.0
2020-03-14,6.89,3.0,10.0,1.0
2020-03-15,10.17,7.0,14.0,0.0
2020-03-16,8.61,4.39,12.0,0.0
2020-03-17,8.28,3.0,14.0,0.0
2020-03-18,10.39,5.5,16.0,0.0
2020-03-19,8.39,3.78,13.0,0.0
2020-03-20,7.06,4.0,9.0,0.0
2020-03-21,5.83,3.0,9.0,3.0
2020-03-22,5.28,-0.11,10.0,0.0
2020-03-23,5.33,-0.61,12.0,0.0
2020-03-24,5.39,-2.0,12.0,0.0
2020-03-25,4.78,-2.0,11.11,0.0
2020-03-26,5.5,-0.22,11.0,0.0
2020-03-27,6.94,0.0,14.0,0.0
2020-03-28,7.61,2.5,14.0,0.0
2020-03-29,4.39,-1.0,7.39,0.0
2020-03-30,3.17,-3.0,8.11,0.0
2020-03-31,4.22,-0.72,9.22,0.0
2020-04-01,4.11,-2.22,10.28,0.0
2020-04-02,5.78,-1.39,9.28,0.0
2020-04-03,7.78,4.39,10.0,0.0
2020-04-04,10.0,3.72,15.0,0.0
2020-04-05,13.72,4.72,22.0,0.0
2020-04-06,15.17,10.0,21.22,0.0
2020-04-07,13.72,5.61,20.0,0.0
2020-04-08,15.83,7.72,24.0,0.0
2020-04-09,14.78,8.0,21.11,0.0
2020-04-10,13.78,5.78,20.39,0.0
2020-04-11,14.44,5.39,22.0,0.0
2020-04-12,15.78,6.39,22.0,0.0
2020-04-13,8.78,2.0,14.22,0.0
2020-04-14,6.44,1.39,10.0,0.0
2020-04-15,9.83,0.5,17.0,0.0
2020-04-16,14.67,4.0,24.0,0.0
2020-04-17,13.72,6.72,21.0,0.0
2020-04-18,10.89,7.72,16.0,0.0
2020-04-19,10.72,6.22,15.0,4.0
2020-04-20,12.89,5.5,19.0,0.0
2020-04-21,13.89,5.72,20.0,0.0
2020-04-22,14.67,6.11,22.0,0.0
2020-04-23,15.39,6.89,23.0,0.0
2020-04-24,11.89,7.0,19.0,0.0
2020-04-25,9.78,5.61,15.0,0.0
2020-04-26,10.44,2.89,17.11,0.0
2020-04-27,13.94,4.0,22.0,0.0
2020-04-28,11.78,8.5,16.11,0.0
2020-04-29,12.17,9.0,16.0,18.0
2020-04-30,10.83,7.89,15.0,1.0
2020-05-01,10.61,7.72,14.0,4.0
2020-05-02,9.89,5.0,14.0,4.0
2020-05-03,11.11,4.5,16.0,4.0
2020-05-04,11.83,7.0,16.0,0.0
2020-05-05,9.83,5.39,15.0,0.0
2020-05-06,11.06,3.0,17.11,0.0
2020-05-07,14.17,4.72,21.0,0.0
2020-05-08,15.67,7.72,22.0,0.0
2020-05-09,17.11,9.11,24.0,0.0
2020-05-10,14.89,6.0,20.0,0.0
2020-05-11,8.06,3.0,13.0,2.0
2020-05-12,7.28,1.28,12.0,0.0
2020-05-13,8.22,2.39,13.0,0.0
2020-05-14,8.28,0.28,15.0,0.0
2020-05-15,9.39,1.28,16.28,0.0
2020-05-16,10.72,3.5,17.0,0.0
2020-05-17,13.0,3.89,20.0,0.0
2020-05-18,16.22,7.89,24.0,0.0
2020-05-19,16.56,9.0,24.0,0.0
2020-05-20,18.0,9.0,24.11,0.0
2020-05-21,19.94,10.28,27.22,0.0
2020-05-22,19.39,15.0,25.0,0.0
2020-05-23,15.22,11.0,19.39,0.0
2020-05-24,13.72,9.61,18.0,0.0
2020-05-25,17.06,11.5,22.28,0.0
2020-05-26,17.56,7.78,24.28,0.0
2020-05-27,17.0,10.78,24.0,0.0
2020-05-28,15.28,7.0,22.0,0.0
2020-05-29,16.22,7.0,23.0,0.0
2020-05-30,17.83,9.0,24.11,0.0
2020-05-31,17.22,9.28,22.28,0.0
2020-06-01,18.94,10.5,26.28,0.0
2020-06-02,20.44,11.22,28.0,0.0
2020-06-03,17.44,10.5,23.0,0.0
2020-06-04,13.06,10.0,15.0,0.0
2020-06-05,10.67,8.0,15.0,1.0
2020-06-06,11.94,6.89,16.0,6.0
2020-06-07,13.89,9.5,20.0,1.0
2020-06-08,13.11,11.39,16.0,1.0
2020-06-09,12.78,10.0,16.0,9.0
2020-06-10,13.39,8.72,16.28,1.0
2020-06-11,15.83,12.5,20.0,1.0
2020-06-12,17.28,10.72,23.0,0.0
2020-06-13,19.72,13.72,25.0,9.0
2020-06-14,19.28,15.61,23.39,0.0
2020-06-15,20.33,14.0,25.0,0.0
2020-06-16,19.39,14.0,24.0,0.0
2020-06-17,17.83,14.5,23.39,0.0
2020-06-18,17.67,13.78,22.39,12.0
2020-06-19,17.61,12.61,22.0,2.0
2020-06-20,17.11,11.0,22.0,0.0
2020-06-21,18.39,12.0,25.0,0.0
2020-06-22,17.67,11.0,23.0,9.0
2020-06-23,20.67,11.5,27.0,0.0
2020-06-24,23.56,14.22,30.0,0.0
2020-06-25,24.0,15.72,30.0,0.0
2020-06-26,23.89,18.0,30.0,0.0
2020-06-27,20.78,17.0,25.0,0.0
2020-06-28,18.0,13.0,22.0,1.0
2020-06-29,16.33,12.61,20.89,0.0
2020-06-30,16.56,12.61,20.0,0.0
2020-07-01,17.89,15.0,21.39,6.0
2020-07-02,17.33,13.72,20.28,23.0
2020-07-03,17.28,13.72,22.0,0.0
2020-07-04,17.78,14.28,20.22,0.0
2020-07-05,18.61,13.0,23.0,1.0
2020-07-06,15.44,11.78,19.0,1.0
2020-07-07,16.89,12.0,20.0,1.0
2020-07-08,15.11,12.0,18.0,0.0
2020-07-09,19.0,16.0,23.22,10.0
2020-07-10,16.39,11.78,19.0,0.0
2020-07-11,15.0,8.78,20.0,0.0
2020-07-12,15.72,8.0,21.11,0.0
2020-07-13,17.89,9.61,24.0,0.0
2020-07-14,15.61,13.0,18.0,0.0
2020-07-15,16.17,12.89,20.0,4.0
2020-07-16,15.5,14.0,17.39,0.0
2020-07-17,17.44,14.5,22.0,2.0
2020-07-18,20.06,14.0,25.5,0.0
2020-07-19,18.44,12.0,24.0,0.0
2020-07-20,16.67,11.0,21.0,1.0
2020-07-21,15.39,7.72,22.0,2.0
2020-07-22,15.72,7.78,21.0,0.0
2020-07-23,19.0,8.89,26.0,0.0
2020-07-24,18.22,15.0,22.0,0.0
2020-07-25,19.39,14.0,24.11,2.0
2020-07-26,18.89,14.0,23.0,3.0
2020-07-27,20.83,13.78,29.0,1.0
2020-07-28,19.06,15.0,22.39,0.0
2020-07-29,17.44,11.28,23.0,0.0
2020-07-30,21.11,13.28,28.22,0.0
2020-07-31,26.83,14.78,36.39,0.0
2020-08-01,22.61,16.61,28.0,0.0
2020-08-02,18.17,12.0,23.0,0.0
2020-08-03,16.44,10.89,23.0,0.0
2020-08-04,17.56,10.28,23.0,0.0
2020-08-05,21.44,12.39,29.0,0.0
2020-08-06,24.33,14.0,32.0,0.0
2020-08-07,27.28,16.11,34.0,0.0
2020-08-08,27.67,17.22,35.22,0.0
2020-08-09,26.39,20.5,33.0,1.0
2020-08-10,27.11,17.78,34.22,0.0
2020-08-11,26.5,19.61,33.11,0.0
2020-08-12,25.78,18.28,33.39,0.0
2020-08-13,24.56,20.0,31.28,0.0
2020-08-14,22.06,19.0,26.0,1.0
2020-08-15,21.44,17.5,27.0,3.0
2020-08-16,21.06,16.22,29.0,0.0
2020-08-17,20.17,15.72,26.0,2.0
2020-08-18,19.17,14.0,24.28,0.0
2020-08-19,20.78,15.0,27.28,0.0
2020-08-20,24.39,18.11,30.22,2.0
2020-08-21,24.56,19.0,29.28,0.0
2020-08-22,19.56,16.78,23.28,2.0
2020-08-23,18.0,15.0,22.11,1.0
2020-08-24,16.61,14.0,21.0,0.0
2020-08-25,17.78,13.0,23.72,3.0
2020-08-26,17.94,15.0,20.11,1.0
2020-08-27,16.78,11.39,22.0,0.0
2020-08-28,16.11,13.0,20.0,1.0
2020-08-29,14.33,11.0,18.0,5.0
2020-08-30,14.67,10.89,19.22,0.0
2020-08-31,15.06,12.0,18.39,13.0
2020-09-01,13.94,9.11,20.0,0.0
2020-09-02,15.0,9.61,21.0,0.0
2020-09-03,17.61,11.5,22.0,0.0
2020-09-04,18.28,15.72,21.78,1.0
2020-09-05,15.33,11.0,19.5,2.0
2020-09-06,13.89,9.0,19.5,1.0
2020-09-07,15.33,9.0,21.39,0.0
2020-09-08,16.94,13.72,19.0,0.0
2020-09-09,19.22,16.0,25.11,0.0
2020-09-10,16.28,11.0,21.0,0.0
2020-09-11,15.39,8.0,23.11,0.0
2020-09-12,16.11,11.0,21.39,0.0
2020-09-13,17.33,11.61,24.78,0.0
2020-09-14,21.11,10.89,31.72,0.0
2020-09-15,24.67,14.5,34.72,0.0
2020-09-16,20.72,15.0,28.0,0.0
2020-09-17,15.0,9.39,20.5,0.0
2020-09-18,15.06,6.72,24.22,0.0
2020-09-19,18.06,8.89,27.0,0.0
2020-09-20,17.0,10.0,25.0,0.0
2020-09-21,15.17,7.0,24.11,0.0
2020-09-22,16.28,8.61,24.22,0.0
2020-09-23,17.56,11.89,23.0,0.0
2020-09-24,13.72,11.0,18.0,5.0
2020-09-25,10.22,8.0,13.78,4.0
2020-09-26,11.44,9.28,13.39,10.0
2020-09-27,13.5,11.28,16.0,28.0
2020-09-28,12.83,11.72,15.11,11.0
2020-09-29,14.78,11.0,18.0,11.0
2020-09-30,15.94,12.78,19.0,1.0
2020-10-01,13.5,9.78,15.11,0.0
2020-10-02,11.83,8.72,15.0,13.0
2020-10-03,12.06,9.72,13.39,3.0
2020-10-04,11.61,9.72,14.0,5.0
2020-10-05,12.0,9.0,15.0,1.0
2020-10-06,12.78,10.78,16.0,3.0
2020-10-07,12.22,10.0,15.0,2.0
2020-10-08,13.89,9.78,17.0,0.0
2020-10-09,12.17,8.72,16.11,6.0
2020-10-10,9.67,7.0,12.39,0.0
2020-10-11,9.33,6.72,13.5,6.0
2020-10-12,10.22,7.61,14.0,1.0
2020-10-13,9.83,7.0,12.0,0.0
2020-10-14,7.67,2.78,12.0,0.0
2020-10-15,8.89,7.0,11.11,0.0
2020-10-16,8.44,6.0,11.0,0.0
2020-10-17,8.0,3.39,12.0,0.0
2020-10-18,9.67,7.0,13.0,0.0
2020-10-19,10.11,7.0,14.0,0.0
2020-10-20,12.78,7.0,16.0,0.0
2020-10-21,15.83,12.0,20.22,0.0
2020-10-22,14.28,11.0,17.0,5.0
2020-10-23,13.78,10.5,17.39,6.0
2020-10-24,13.78,11.72,15.22,0.0
2020-10-25,12.06,9.78,15.0,1.0
2020-10-26,10.28,8.0,12.0,8.0
2020-10-27,9.94,7.39,12.0,0.0
2020-10-28,11.22,8.61,13.11,1.0
2020-10-29,11.06,8.22,14.0,10.0
2020-10-30,14.0,11.28,15.39,3.0
2020-10-31,13.39,10.61,16.39,0.0
2020-11-01,14.5,10.0,18.0,2.0
2020-11-02,15.83,10.0,19.0,2.0
2020-11-03,8.78,6.0,12.0,4.0
2020-11-04,6.56,2.0,11.0,0.0
2020-11-05,5.28,0.78,11.0,0.0
2020-11-06,5.67,1.0,12.0,0.0
2020-11-07,9.06,2.5,16.0,0.0
2020-11-08,11.83,5.22,18.0,0.0
2020-11-09,12.44,8.0,16.0,0.0
2020-11-10,11.56,9.0,15.0,0.0
2020-11-11,10.83,8.72,13.0,8.0
2020-11-12,10.39,7.0,12.22,0.0
2020-11-13,10.72,6.0,14.0,1.0
2020-11-14,13.0,11.0,15.0,0.0
2020-11-15,12.72,9.72,15.0,0.0
2020-11-16,10.17,7.78,12.0,8.0
2020-11-17,11.33,9.5,13.0,1.0
2020-11-18,12.39,8.0,16.0,0.0
2020-11-19,8.61,5.0,11.11,1.0
2020-11-20,4.56,2.0,8.0,0.0
2020-11-21,7.78,2.72,10.0,0.0
2020-11-22,8.89,8.0,10.0,0.0
2020-11-23,8.17,5.0,10.0,1.0
2020-11-24,8.0,5.0,11.0,0.0
2020-11-25,7.17,4.0,10.0,0.0
2020-11-26,8.17,6.0,11.5,0.0
2020-11-27,6.72,5.61,8.0,0.0
2020-11-28,5.17,2.0,10.0,0.0
2020-11-29,2.11,-2.0,3.28,0.0
2020-11-30,1.83,-2.5,7.0,0.0
2020-12-01,7.56,3.89,9.22,6.0
2020-12-02,6.22,5.0,7.0,5.0
2020-12-03,5.78,5.0,6.0,0.0
2020-12-04,5.17,0.0,8.0,4.0
2020-12-05,2.61,-0.22,5.0,1.0
2020-12-06,-0.11,-2.0,1.0,0.0
2020-12-07,1.56,-0.22,3.0,0.0
2020-12-08,0.94,-1.0,4.0,0.0
2020-12-09,1.44,-1.22,3.22,0.0
2020-12-10,2.67,1.0,5.0,0.0
2020-12-11,4.11,0.72,7.0,0.0
2020-12-12,7.78,5.89,9.0,4.0
2020-12-13,6.5,4.72,8.0,2.0
2020-12-14,9.33,6.11,11.0,1.0
2020-12-15,8.44,5.78,10.0,5.0
2020-12-16,8.06,5.0,11.0,4.0
2020-12-17,8.89,6.0,10.0,0.0
2020-12-18,8.61,6.0,11.11,3.0
2020-12-19,8.89,7.0,11.22,0.0
2020-12-20,8.5,6.0,10.0,1.0
2020-12-21,8.44,5.0,14.0,1.0
2020-12-22,12.78,9.72,14.0,4.0
2020-12-23,11.44,9.0,13.0,5.0
2020-12-24,5.67,3.0,9.0,7.0
2020-12-25,3.06,0.78,6.0,3.0
2020-12-26,3.61,1.0,5.28,1.0
2020-12-27,4.78,3.0,6.0,0.0
2020-12-28,2.83,0.0,5.0,16.0
2020-12-29,2.72,-0.28,4.39,0.0
2020-12-30,3.22,0.61,5.11,0.0
2020-12-31,2.39,1.0,3.22,4.0
2021-01-01,2.0,0.0,5.0,3.0
2021-01-02,2.5,0.11,4.11,0.0
2021-01-03,2.44,1.39,3.11,0.0
2021-01-04,2.0,1.5,2.28,0.0
2021-01-05,2.0,1.61,2.28,2.0
2021-01-06,2.33,1.0,3.0,0.0
2021-01-07,2.0,0.61,4.0,0.0
2021-01-08,1.94,-2.22,4.0,1.0
2021-01-09,-0.61,-3.39,4.39,2.0
2021-01-10,0.44,-1.5,4.39,0.0
2021-01-11,3.44,-1.78,6.0,0.0
2021-01-12,5.78,1.0,8.11,2.0
2021-01-13,2.78,0.0,4.39,18.0
2021-01-14,1.67,0.0,3.39,0.0
2021-01-15,0.22,-1.0,1.39,5.0
2021-01-16,-0.06,-1.0,1.0,0.0
2021-01-17,4.22,-0.72,7.0,1.0
2021-01-18,4.28,2.0,6.0,2.0
2021-01-19,6.17,4.0,8.0,0.0
2021-01-20,8.61,5.78,11.0,6.0
2021-01-21,7.72,4.89,12.0,1.0
2021-01-22,4.11,1.78,7.0,13.0
2021-01-23,3.11,0.0,5.11,1.0
2021-01-24,1.39,0.0,3.0,2.0
2021-01-25,2.17,0.61,4.39,2.0
2021-01-26,3.06,1.0,5.28,0.0
2021-01-27,3.61,0.5,6.0,0.0
2021-01-28,8.5,5.0,11.22,1.0
2021-01-29,9.17,8.0,11.0,14.0
2021-01-30,2.39,0.0,8.0,9.0
2021-01-31,0.56,-2.0,2.28,8.0
2021-02-01,3.11,1.39,4.11,4.0
2021-02-02,7.89,3.28,11.39,2.0
2021-02-03,9.44,7.78,12.0,3.0
2021-02-04,7.44,4.0,10.0,14.0
2021-02-05,7.56,4.89,10.28,0.0
2021-02-06,4.78,-0.22,8.0,0.0
2021-02-07,-2.11,-4.22,0.0,10.0
2021-02-08,-5.39,-7.28,-4.0,3.0
2021-02-09,-6.39,-9.0,-3.0,1.0
2021-02-10,-7.56,-10.0,-4.0,0.0
2021-02-11,-5.6866666666666665,-8.333333333333334,-2.5933333333333337,0.0
2021-02-12,-3.8133333333333335,-6.666666666666666,-1.186666666666667,0.0
2021-02-13,-1.94,-5.0,0.22,0.0
2021-02-14,-0.61,-8.22,5.0,0.0
2021-02-15,4.0,1.28,6.0,0.0
2021-02-16,8.5,4.28,13.0,2.0
2021-02-17,9.5,7.0,12.0,4.0
2021-02-18,8.17,5.0,12.0,0.0
2021-02-19,5.17,2.72,9.0,4.0
2021-02-20,14.39,12.5,16.22,0.0
2021-02-21,12.22,8.72,17.11,0.0
2021-02-22,12.56,7.28,16.39,0.0
2021-02-23,14.06,9.72,17.28,0.0
2021-02-24,14.0,10.28,18.28,0.0
2021-02-25,11.72,8.0,17.0,0.0
2021-02-26,7.22,2.61,10.22,4.0
2021-02-27,3.17,1.0,6.0,1.0
2021-02-28,5.17,0.0,11.0,0.0
2021-03-01,4.94,-0.39,11.11,0.0
2021-03-02,8.11,1.61,16.0,0.0
2021-03-03,10.17,5.0,16.0,0.0
2021-03-04,4.83,3.0,6.0,0.0
2021-03-05,2.78,-1.0,6.0,13.0
2021-03-06,1.44,-3.28,7.0,0.0
2021-03-07,1.17,-3.28,6.0,0.0
2021-03-08,4.33,0.0,9.22,0.0
2021-03-09,5.33,3.5,8.0,0.0
2021-03-10,6.67,3.0,10.11,1.0
2021-03-11,9.56,6.0,12.28,1.0
2021-03-12,7.11,4.89,9.0,2.0
2021-03-13,7.39,4.0,10.0,0.0
2021-03-14,5.94,2.72,9.0,8.0
2021-03-15,6.33,4.89,9.0,2.0
2021-03-16,5.44,4.0,6.0,3.0
2021-03-17,5.33,3.61,8.0,6.0
2021-03-18,4.67,1.5,7.0,1.0
2021-03-19,4.22,0.0,8.0,0.0
2021-03-20,4.33,-1.0,9.0,0.0
2021-03-21,6.33,3.0,8.11,0.0
2021-03-22,5.61,2.89,8.0,0.0
2021-03-23,7.83,4.0,12.0,0.0
2021-03-24,9.0,2.39,15.11,0.0
2021-03-25,8.39,4.61,12.0,0.0
2021-03-26,8.83,5.0,13.0,0.0
2021-03-27,6.94,3.78,10.22,3.0
2021-03-28,9.61,4.39,13.39,0.0
2021-03-29,13.0,6.39,19.0,0.0
2021-03-30,15.0,6.28,22.11,0.0
2021-03-31,16.06,7.72,24.0,0.0
2021-04-01,12.56,5.0,20.0,0.0
2021-04-02,5.56,1.39,9.28,0.0
2021-04-03,6.83,2.0,11.28,0.0
2021-04-04,5.61,2.11,8.0,0.0
2021-04-05,3.39,0.0,7.0,0.0
2021-04-06,0.72,-1.0,5.0,3.0
2021-04-07,2.11,-1.22,6.0,8.0
2021-04-08,4.61,1.0,9.0,0.0
2021-04-09,8.0,2.0,14.0,0.0
2021-04-10,6.72,4.0,9.0,14.0
2021-04-11,4.17,0.72,7.0,6.0
2021-04-12,2.83,0.0,6.0,2.0
2021-04-13,5.17,-1.0,10.0,0.0
2021-04-14,4.83,-0.28,10.0,0.0
2021-04-15,4.17,-1.0,9.0,0.0
2021-04-16,5.28,-0.5,11.0,0.0
2021-04-17,6.83,1.0,12.0,0.0
2021-04-18,8.06,2.0,14.0,0.0
2021-04-19,8.39,3.72,12.22,0.0
2021-04-20,10.11,1.72,17.0,0.0
2021-04-21,10.06,3.0,16.0,0.0
2021-04-22,6.56,0.39,13.0,0.0
2021-04-23,7.72,0.0,15.0,0.0
2021-04-24,8.11,1.72,14.11,0.0
2021-04-25,6.5,0.5,12.28,0.0
2021-04-26,7.22,-1.0,14.0,0.0
2021-04-27,9.56,1.78,16.11,0.0
2021-04-28,11.67,3.39,19.0,0.0
2021-04-29,7.11,3.0,10.5,0.0
2021-04-30,6.72,1.72,12.0,1.0
2021-05-01,6.33,-0.72,12.0,0.0
2021-05-02,6.89,1.0,11.0,0.0
2021-05-03,9.28,0.22,15.0,1.0
2021-05-04,9.56,5.78,13.0,0.0
2021-05-05,7.22,3.89,12.0,7.0
2021-05-06,6.78,3.61,10.28,4.0
2021-05-07,8.0,2.0,13.0,1.0
2021-05-08,11.83,4.89,18.11,0.0
2021-05-09,18.72,11.78,26.0,0.0
2021-05-10,16.5,12.0,20.0,1.0
2021-05-11,12.78,8.28,18.0,0.0
2021-05-12,11.44,7.0,16.0,15.0
2021-05-13,11.39,7.0,16.0,1.0
2021-05-14,10.44,5.61,14.22,0.0
2021-05-15,10.56,7.89,14.0,18.0
2021-05-16,11.06,7.72,15.0,3.0
2021-05-17,11.28,9.61,15.22,4.0
2021-05-18,11.89,8.0,16.22,7.0
2021-05-19,10.17,6.72,14.22,8.0
2021-05-20,11.83,5.72,15.0,4.0
2021-05-21,12.78,9.0,17.0,0.0
2021-05-22,10.17,8.78,11.39,2.0
2021-05-23,11.72,7.72,15.0,10.0
2021-05-24,10.83,7.0,15.22,1.0
2021-05-25,9.61,6.89,13.0,10.0
2021-05-26,11.28,7.0,14.0,8.0
2021-05-27,11.11,7.0,14.0,0.0
2021-05-28,12.28,4.89,18.22,0.0
2021-05-29,14.33,7.78,20.0,0.0
2021-05-30,14.94,6.72,21.11,0.0
2021-05-31,17.39,9.89,23.0,0.0
2021-06-01,18.89,10.0,24.72,0.0
2021-06-02,20.0,9.89,28.0,0.0
2021-06-03,20.0,15.78,25.0,2.0
2021-06-04,18.28,14.5,24.22,0.0
2021-06-05,14.28,12.0,16.0,57.0
2021-06-06,16.11,10.61,21.0,0.0
2021-06-07,16.67,9.72,23.0,0.0
2021-06-08,18.61,10.28,24.39,0.0
2021-06-09,18.89,11.78,25.0,0.0
2021-06-10,19.83,12.61,25.11,0.0
2021-06-11,19.67,12.89,25.0,0.0
2021-06-12,16.83,11.0,21.22,0.0
2021-06-13,17.0,9.11,23.0,0.0
2021-06-14,20.56,11.0,28.0,0.0
2021-06-15,19.5,13.5,24.0,0.0
2021-06-16,22.89,13.0,29.0,0.0
2021-06-17,24.06,19.22,29.0,0.0
2021-06-18,23.56,18.5,29.28,0.0
2021-06-19,18.78,17.0,20.22,12.0
2021-06-20,19.94,16.0,24.0,3.0
2021-06-21,15.72,13.0,17.0,3.0
2021-06-22,13.28,12.0,15.0,26.0
2021-06-23,13.56,10.78,16.39,4.0
2021-06-24,15.61,11.0,18.22,1.0
2021-06-25,15.11,10.28,19.0,0.0
2021-06-26,18.11,13.78,22.72,2.0
2021-06-27,19.33,13.89,25.0,0.0
2021-06-28,18.83,13.0,23.0,9.0
2021-06-29,18.22,14.0,22.0,0.0
2021-06-30,13.33,12.0,15.0,2.0
2021-07-01,13.94,11.0,17.22,29.0
2021-07-02,17.33,10.61,23.0,0.0
2021-07-03,17.67,13.61,22.0,0.0
2021-07-04,17.28,13.5,20.22,10.0
2021-07-05,16.83,13.78,20.0,11.0
2021-07-06,17.28,13.0,20.0,2.0
2021-07-07,17.67,12.78,22.22,2.0
2021-07-08,17.67,12.78,22.0,2.0
2021-07-09,17.39,13.0,21.28,5.0
2021-07-10,16.94,12.61,22.22,0.0
2021-07-11,17.06,11.0,21.0,8.0
2021-07-12,18.5,13.78,23.0,0.0
2021-07-13,17.11,14.5,20.28,0.0
2021-07-14,16.17,15.0,17.0,6.0
2021-07-15,16.0,15.0,16.39,3.0
2021-07-16,16.28,13.0,19.0,40.0
2021-07-17,19.06,12.72,25.39,0.0
2021-07-18,20.44,13.61,27.0,0.0
2021-07-19,19.61,13.78,25.0,0.0
2021-07-20,18.83,13.0,24.0,0.0
2021-07-21,19.5,12.0,25.0,0.0
2021-07-22,19.39,13.0,25.0,0.0
2021-07-23,18.33,11.0,25.0,0.0
2021-07-24,17.89,14.0,23.0,0.0
2021-07-25,18.83,14.0,24.0,5.0
2021-07-26,18.33,15.72,22.0,5.0
2021-07-27,18.06,15.0,22.0,1.0
2021-07-28,17.83,14.78,21.0,0.0
2021-07-29,17.67,13.0,21.28,0.0
2021-07-30,17.61,11.89,22.5,0.0
2021-07-31,16.61,13.72,20.39,0.0
2021-08-01,15.56,12.72,20.11,3.0
2021-08-02,15.39,12.78,19.22,7.0
2021-08-03,15.89,12.0,21.0,12.0
2021-08-04,16.72,11.78,22.0,4.0
2021-08-05,18.89,14.0,24.0,1.0
2021-08-06,17.72,15.0,21.0,0.0
2021-08-07,16.56,13.5,21.0,8.0
2021-08-08,15.61,13.0,20.0,1.0
2021-08-09,16.0,13.11,20.0,4.0
2021-08-10,16.44,13.0,20.39,3.0
2021-08-11,17.39,11.89,22.61,15.0
2021-08-12,19.67,13.28,26.0,0.0
2021-08-13,19.11,13.0,24.0,0.0
2021-08-14,18.44,12.0,24.0,0.0
2021-08-15,20.11,14.61,27.0,0.0
2021-08-16,15.06,12.0,18.0,0.0
2021-08-17,13.72,11.5,15.11,0.0
2021-08-18,16.89,14.28,19.22,0.0
2021-08-19,16.94,14.0,20.0,0.0
2021-08-20,18.17,13.39,22.22,0.0
2021-08-21,19.28,13.0,25.0,0.0
2021-08-22,17.17,16.0,19.0,0.0
2021-08-23,17.44,14.0,20.0,0.0
2021-08-24,16.39,10.5,22.0,0.0
2021-08-25,15.83,9.39,22.0,0.0
2021-08-26,15.72,13.0,18.0,0.0
2021-08-27,15.33,10.72,20.0,0.0
2021-08-28,16.33,12.39,21.39,0.0
2021-08-29,15.11,12.28,17.39,0.0
2021-08-30,17.06,14.78,20.0,0.0
2021-08-31,16.83,14.0,21.11,6.0
2021-09-01,16.06,14.0,18.28,0.0
2021-09-02,16.61,12.0,21.39,0.0
2021-09-03,17.33,10.0,25.0,0.0
2021-09-04,15.83,11.5,21.0,0.0
2021-09-05,18.06,11.5,24.28,0.0
2021-09-06,18.61,11.22,25.0,0.0
2021-09-07,19.89,11.72,27.0,0.0
2021-09-08,20.94,12.89,28.0,0.0
2021-09-09,20.5,16.39,25.0,0.0
2021-09-10,18.94,16.0,22.0,1.0
2021-09-11,17.06,13.0,20.0,8.0
2021-09-12,15.78,11.0,21.0,1.0
2021-09-13,15.67,10.0,21.0,0.0
2021-09-14,17.39,11.39,21.22,0.0
2021-09-15,17.61,12.0,20.0,1.0
2021-09-16,15.61,11.0,21.0,2.0
2021-09-17,16.44,12.0,22.0,0.0
2021-09-18,17.0,11.0,23.0,0.0
2021-09-19,15.94,10.72,21.0,0.0
2021-09-20,13.89,10.0,18.28,0.0
2021-09-21,12.33,6.78,18.11,0.0
2021-09-22,13.17,6.11,20.0,0.0
2021-09-23,15.06,9.5,20.0,0.0
2021-09-24,16.72,13.0,21.0,0.0
2021-09-25,16.44,11.61,22.22,0.0
2021-09-26,17.61,14.5,21.28,0.0
2021-09-27,15.61,11.0,19.11,0.0
2021-09-28,13.44,9.39,18.11,3.0
2021-09-29,11.89,9.0,14.22,0.0
2021-09-30,11.11,7.0,14.28,3.0
2021-10-01,13.28,10.39,16.22,0.0
2021-10-02,14.22,10.0,16.5,3.0
2021-10-03,13.06,11.5,17.0,6.0
2021-10-04,13.11,10.0,17.0,30.0
2021-10-05,12.44,10.78,16.0,0.0
2021-10-06,11.28,10.0,13.0,6.0
2021-10-07,12.39,8.0,17.28,5.0
2021-10-08,9.94,5.0,16.22,0.0
2021-10-09,10.78,6.0,17.22,0.0
2021-10-10,10.0,4.0,15.28,0.0
2021-10-11,11.61,8.0,15.0,1.0
2021-10-12,10.56,5.0,14.0,0.0
2021-10-13,9.56,4.5,13.0,3.0
2021-10-14,11.28,8.28,13.39,0.0
2021-10-15,11.06,7.0,13.0,0.0
2021-10-16,7.94,4.0,13.0,1.0
2021-10-17,9.94,4.39,14.0,0.0
2021-10-18,11.72,6.5,16.0,0.0
2021-10-19,16.44,13.61,18.28,1.0
2021-10-20,16.22,13.78,18.0,0.0
2021-10-21,9.72,6.0,14.39,12.0
2021-10-22,8.56,5.0,12.0,13.0
2021-10-23,9.44,4.5,14.0,1.0
2021-10-24,8.83,5.72,14.0,0.0
2021-10-25,10.56,6.78,13.11,0.0
2021-10-26,11.89,8.89,14.11,0.0
2021-10-27,13.11,10.0,16.22,0.0
2021-10-28,12.06,9.0,17.0,0.0
2021-10-29,13.22,10.89,18.0,0.0
2021-10-30,12.5,11.0,14.28,1.0
2021-10-31,12.39,9.0,17.0,7.0
2021-11-01,9.67,6.0,13.0,14.0
2021-11-02,7.5,4.78,10.22,0.0
2021-11-03,5.94,3.0,9.22,0.0
2021-11-04,6.89,3.22,10.11,1.0
2021-11-05,8.0,5.0,12.0,1.0
2021-11-06,7.72,4.5,10.11,1.0
2021-11-07,9.83,7.0,12.0,0.0
2021-11-08,7.44,4.0,11.0,0.0
2021-11-09,6.61,3.72,12.0,0.0
2021-11-10,5.33,2.0,11.0,0.0
2021-11-11,6.39,2.5,10.39,0.0
2021-11-12,6.83,1.0,13.0,0.0
2021-11-13,10.67,8.11,12.0,0.0
2021-11-14,8.83,4.61,10.11,5.0
2021-11-15,6.06,3.28,7.0,1.0
2021-11-16,5.11,5.0,6.0,0.0
2021-11-17,7.44,5.22,11.0,0.0
2021-11-18,8.22,5.0,11.11,0.0
2021-11-19,10.83,9.0,12.0,0.0
2021-11-20,9.0,7.0,10.28,0.0
2021-11-21,6.61,3.0,9.0,0.0
2021-11-22,3.72,0.0,7.11,3.0
2021-11-23,3.89,-1.11,8.0,0.0
2021-11-24,6.11,3.0,7.28,0.0
2021-11-25,4.89,2.61,7.39,0.0
2021-11-26,4.17,2.72,6.0,1.0
2021-11-27,2.67,0.0,4.39,10.0
2021-11-28,3.17,0.0,5.0,1.0
2021-11-29,2.83,0.0,7.0,1.0
2021-11-30,7.72,2.78,10.11,0.0
2021-12-01,7.89,5.0,10.0,6.0
2021-12-02,2.33,0.0,5.22,8.0
2021-12-03,3.28,1.0,5.0,8.0
2021-12-04,4.72,3.72,6.28,0.0
2021-12-05,3.78,3.0,4.39,6.0
2021-12-06,2.39,0.0,5.11,2.0
2021-12-07,4.61,0.5,7.0,7.0
2021-12-08,5.33,3.0,7.0,1.0
2021-12-09,3.56,1.61,6.0,0.0
2021-12-10,2.28,0.0,5.0,0.0
2021-12-11,4.72,0.22,7.0,10.0
2021-12-12,8.28,3.72,10.22,1.0
2021-12-13,8.83,7.0,10.0,2.0
2021-12-14,8.0,6.89,9.11,0.0
2021-12-15,8.78,8.0,9.39,0.0
2021-12-16,8.39,4.0,12.0,1.0
2021-12-17,5.28,1.89,8.0,0.0
2021-12-18,6.5,5.0,7.0,0.0
2021-12-19,5.78,4.78,7.0,0.0
2021-12-20,5.11,0.0,6.28,0.0
2021-12-21,-1.11,-4.0,2.22,0.0
2021-12-22,-1.56,-5.11,2.0,0.0
2021-12-23,3.0,-1.72,8.0,0.0
2021-12-24,8.0,5.11,9.22,1.0
2021-12-25,3.0,0.0,7.0,0.0
2021-12-26,3.78,0.0,7.11,8.0
2021-12-27,8.61,6.0,10.11,2.0
2021-12-28,9.78,8.72,11.0,1.0
2021-12-29,10.44,8.0,13.28,17.0
2021-12-30,13.78,12.11,14.39,2.0
2021-12-31,12.94,11.78,14.0,1.0
2022-01-01,12.28,10.0,14.22,0.0
2022-01-02,11.94,9.78,13.28,0.0
2022-01-03,9.5,7.89,11.0,13.0
2022-01-04,6.78,3.0,8.28,13.0
2022-01-05,3.94,1.0,6.0,6.0
2022-01-06,3.72,2.0,6.0,1.0
2022-01-07,4.0,2.0,6.0,1.0
2022-01-08,4.06,1.0,7.0,4.0
2022-01-09,4.22,0.0,6.39,14.0
2022-01-10,0.06,-1.28,1.0,2.0
2022-01-11,1.83,-0.39,6.0,0.0
2022-01-12,2.67,-0.39,4.0,0.0
2022-01-13,2.11,-1.0,5.5,0.0
2022-01-14,3.5,-1.11,8.0,0.0
2022-01-15,2.5,0.0,5.0,0.0
2022-01-16,3.33,0.22,5.0,0.0
2022-01-17,6.06,3.72,8.0,1.0
2022-01-18,5.06,0.0,8.0,0.0
2022-01-19,3.61,-1.11,6.22,0.0
2022-01-20,3.61,1.0,5.0,1.0
2022-01-21,3.17,0.0,6.0,1.0
2022-01-22,5.11,2.78,6.0,1.0
2022-01-23,4.83,4.0,6.0,0.0
2022-01-24,3.22,-1.0,6.0,0.0
2022-01-25,0.89,-2.0,2.28,0.0
2022-01-26,2.5,1.0,4.0,0.0
2022-01-27,6.22,2.61,9.0,0.0
2022-01-28,4.72,2.0,7.0,2.0
2022-01-29,8.67,4.61,11.11,0.0
2022-01-30,5.22,3.0,8.0,0.0
2022-01-31,5.28,2.78,7.0,0.0
2022-02-01,6.72,2.72,10.0,2.0
2022-02-02,8.83,7.78,9.11,1.0
2022-02-03,7.33,6.89,8.5,1.0
2022-02-04,6.56,3.0,9.28,0.0
2022-02-05,5.5,2.5,8.0,3.0
2022-02-06,7.5,4.0,10.0,0.0
2022-02-07,5.5,2.72,8.0,20.0
2022-02-08,8.94,4.5,11.0,0.0
2022-02-09,9.22,5.0,11.0,0.0
2022-02-10,5.94,3.0,8.0,0.0
2022-02-11,3.89,-1.0,7.0,6.0
2022-02-12,2.78,-1.22,7.28,0.0
2022-02-13,6.61,1.0,11.0,0.0
2022-02-14,9.06,6.0,11.11,0.0
2022-02-15,7.5,5.0,10.0,2.0
2022-02-16,11.33,7.78,14.0,6.0
2022-02-17,10.0,7.0,13.11,4.0
2022-02-18,9.11,5.0,12.39,2.0
2022-02-19,6.28,3.78,9.0,2.0
2022-02-20,9.11,5.5,11.39,3.0
2022-02-21,6.56,4.0,9.0,6.0
2022-02-22,7.33,3.0,11.0,0.0
2022-02-23,7.44,2.78,11.28,1.0
2022-02-24,6.28,2.72,10.28,0.0
2022-02-25,4.61,1.0,9.0,4.0
2022-02-26,3.06,-1.28,8.0,2.0
2022-02-27,4.44,-2.0,10.39,0.0
2022-02-28,4.72,-2.11,11.0,0.0
2022-03-01,6.0,1.0,10.0,0.0
2022-03-02,6.33,2.0,12.0,0.0
2022-03-03,6.11,-0.28,12.28,0.0
2022-03-04,6.17,0.89,12.0,0.0
2022-03-05,3.5,-2.72,10.0,0.0
2022-03-06,1.39,-3.0,7.0,0.0
2022-03-07,1.5,-3.28,6.0,0.0
2022-03-08,4.06,-3.0,11.0,0.0
2022-03-09,7.67,1.0,15.0,0.0
2022-03-10,9.72,2.89,16.0,0.0
2022-03-11,10.89,3.72,16.0,0.0
2022-03-12,11.11,8.0,14.0,0.0
2022-03-13,11.22,8.0,16.0,0.0
2022-03-14,9.61,6.0,14.0,0.0
2022-03-15,8.17,5.0,11.39,0.0
2022-03-16,8.78,4.0,12.39,0.0
2022-03-17,8.61,4.0,12.0,0.0
2022-03-18,7.78,-0.78,14.28,0.0
2022-03-19,9.11,4.0,14.11,0.0
2022-03-20,4.67,0.0,8.39,0.0
2022-03-21,9.56,-0.28,18.0,3.0
2022-03-22,13.06,6.0,19.0,0.0
2022-03-23,11.39,3.0,18.22,0.0
2022-03-24,10.94,3.0,18.0,0.0
2022-03-25,10.61,4.61,17.0,0.0
2022-03-26,10.83,4.61,18.11,0.0
2022-03-27,9.06,4.0,14.0,0.0
2022-03-28,10.61,2.5,17.0,0.0
2022-03-29,10.94,6.78,15.0,0.0
2022-03-30,8.67,5.0,12.0,0.0
2022-03-31,4.56,1.5,8.0,0.0
2022-04-01,1.5,-0.11,3.0,2.0
2022-04-02,2.67,-0.11,6.0,2.0
2022-04-03,3.06,-2.61,8.0,0.0
2022-04-04,5.22,0.5,9.0,0.0
2022-04-05,10.94,6.61,13.22,4.0
2022-04-06,9.78,8.0,11.22,4.0
2022-04-07,10.11,6.0,12.78,2.0
2022-04-08,6.17,4.0,8.39,7.0
2022-04-09,6.06,2.0,11.22,0.0
2022-04-10,7.22,0.72,12.61,0.0
2022-04-11,11.0,4.0,17.5,0.0
2022-04-12,14.33,6.61,21.11,0.0
2022-04-13,12.33,10.0,14.78,0.0
2022-04-14,13.22,7.39,18.39,2.0
2022-04-15,11.39,5.78,17.0,0.0
2022-04-16,11.56,5.0,17.61,0.0
2022-04-17,12.0,1.89,19.5,0.0
2022-04-18,12.89,3.78,19.5,0.0
2022-04-19,13.39,5.28,20.5,0.0
2022-04-20,12.28,6.61,18.0,0.0
2022-04-21,12.83,5.78,19.28,0.0
2022-04-22,11.72,6.5,17.11,0.0
2022-04-23,13.94,9.0,19.61,0.0
2022-04-24,13.39,7.39,19.61,0.0
2022-04-25,9.06,5.61,14.11,0.0
2022-04-26,9.94,5.0,14.61,5.0
2022-04-27,9.94,3.11,16.39,0.0
2022-04-28,10.83,3.0,18.61,0.0
2022-04-29,10.44,6.61,15.78,0.0
2022-04-30,8.39,3.0,12.78,0.0
2022-05-01,9.44,0.61,15.22,0.0
2022-05-02,12.0,3.78,18.78,0.0
2022-05-03,11.94,5.89,18.5,0.0
2022-05-04,11.67,6.61,18.11,0.0
2022-05-05,13.28,8.39,18.5,0.0
2022-05-06,13.61,7.78,21.0,0.0
2022-05-07,15.0,10.39,20.5,0.0
2022-05-08,14.17,9.0,20.0,1.0
2022-05-09,16.17,5.5,24.61,0.0
2022-05-10,18.67,11.0,24.72,0.0
2022-05-11,18.33,12.78,23.78,0.0
2022-05-12,15.44,10.0,20.0,0.0
2022-05-13,14.22,9.5,19.39,0.0
2022-05-14,15.78,8.0,22.28,0.0
2022-05-15,19.56,9.61,27.0,0.0
2022-05-16,19.39,13.0,23.28,0.0
2022-05-17,20.39,12.89,28.0,0.0
2022-05-18,21.5,16.22,27.0,0.0
2022-05-19,19.0,13.0,25.72,0.0
2022-05-20,15.06,12.0,20.0,15.0
2022-05-21,15.0,10.0,21.0,5.0
2022-05-22,17.0,8.5,23.0,0.0
2022-05-23,16.06,13.0,22.89,0.0
2022-05-24,12.67,9.0,16.5,11.0
2022-05-25,13.78,8.78,18.78,2.0
2022-05-26,15.94,13.39,20.0,0.0
2022-05-27,14.89,10.0,19.0,0.0
2022-05-28,12.44,8.0,16.89,1.0
2022-05-29,10.0,6.72,13.39,0.0
2022-05-30,11.0,3.78,15.11,6.0
2022-05-31,13.11,8.78,19.39,0.0
2022-06-01,12.61,7.0,17.89,1.0
2022-06-02,14.06,5.39,20.78,0.0
2022-06-03,17.94,9.61,23.78,0.0
2022-06-04,19.11,13.78,25.61,0.0
2022-06-05,16.83,15.0,19.0,6.0
2022-06-06,15.17,11.0,18.22,22.0
2022-06-07,14.94,10.5,19.11,0.0
2022-06-08,15.06,12.78,19.0,2.0
2022-06-09,16.06,11.89,21.0,11.0
2022-06-10,18.5,14.0,22.39,0.0
2022-06-11,18.44,14.0,23.0,0.0
2022-06-12,16.0,9.89,21.89,0.0
2022-06-13,15.06,9.0,19.28,0.0
2022-06-14,15.61,7.28,21.72,0.0
2022-06-15,18.72,10.11,25.72,0.0
2022-06-16,19.28,12.22,25.0,0.0
2022-06-17,22.83,14.61,29.61,0.0
2022-06-18,25.28,18.0,33.0,0.0
2022-06-19,15.5,12.0,19.0,0.0
2022-06-20,15.5,10.0,20.72,2.0
2022-06-21,14.72,8.5,20.5,0.0
2022-06-22,19.11,8.0,26.72,0.0
2022-06-23,22.94,16.28,28.0,0.0
2022-06-24,19.11,15.89,23.39,16.0
2022-06-25,17.56,14.61,22.0,15.0
2022-06-26,16.83,13.0,21.22,5.0
2022-06-27,16.0,12.0,19.61,0.0
2022-06-28,17.83,10.0,24.11,5.0
2022-06-29,21.06,13.22,26.72,0.0
2022-06-30,15.33,11.0,20.28,0.0
2022-07-01,15.78,10.78,20.39,10.0
2022-07-02,17.94,11.0,23.78,0.0
2022-07-03,17.39,12.0,22.0,0.0
2022-07-04,17.61,10.61,23.39,0.0
2022-07-05,16.22,10.28,22.0,0.0
2022-07-06,16.67,8.72,22.0,0.0
2022-07-07,16.5,13.0,19.72,0.0
2022-07-08,17.33,9.0,24.22,1.0
2022-07-09,17.72,12.0,22.78,0.0
2022-07-10,16.83,9.72,22.78,0.0
2022-07-11,18.89,12.0,24.89,0.0
2022-07-12,21.89,12.72,29.39,0.0
2022-07-13,23.61,17.0,30.0,0.0
2022-07-14,18.72,13.0,24.5,0.0
2022-07-15,16.89,9.72,23.22,1.0
2022-07-16,17.67,11.78,24.0,0.0
2022-07-17,19.17,9.0,26.5,0.0
2022-07-18,24.67,11.89,34.28,0.0
2022-07-19,28.94,15.72,37.72,0.0
2022-07-20,21.17,17.0,26.0,0.0
2022-07-21,17.33,14.0,19.28,3.0
2022-07-22,16.94,11.78,22.0,5.0
2022-07-23,19.22,11.0,25.72,0.0
2022-07-24,23.44,14.61,31.0,0.0
2022-07-25,21.5,17.0,24.89,0.0
2022-07-26,17.89,12.0,21.28,0.0
2022-07-27,15.61,8.39,22.0,0.0
2022-07-28,17.67,10.5,23.5,0.0
2022-07-29,19.5,12.61,26.28,0.0
2022-07-30,20.28,12.78,26.5,0.0
2022-07-31,20.94,17.61,25.89,0.0
2022-08-01,21.06,17.0,26.0,0.0
2022-08-02,22.56,15.89,28.61,0.0
2022-08-03,24.83,15.72,32.5,0.0
2022-08-04,22.06,18.0,28.28,0.0
2022-08-05,18.5,10.0,23.72,3.0
2022-08-06,15.78,8.0,23.11,0.0
2022-08-07,17.44,8.72,25.0,0.0
2022-08-08,18.22,10.5,25.39,0.0
2022-08-09,20.11,12.0,28.0,0.0
2022-08-10,21.22,13.89,30.0,0.0
2022-08-11,23.83,14.0,31.89,0.0
2022-08-12,24.17,13.11,32.39,0.0
2022-08-13,24.39,13.61,32.0,0.0
2022-08-14,25.11,14.0,31.78,0.0
2022-08-15,22.83,17.61,27.61,0.0
2022-08-16,22.56,16.89,28.11,0.0
2022-08-17,19.83,15.61,23.22,0.0
2022-08-18,20.44,15.0,26.28,2.0
2022-08-19,19.61,15.89,25.11,0.0
2022-08-20,18.67,14.0,24.61,1.0
2022-08-21,18.33,12.0,23.78,0.0
2022-08-22,20.67,14.72,27.61,0.0
2022-08-23,22.22,14.89,28.78,0.0
2022-08-24,23.39,16.0,31.39,0.0
2022-08-25,24.22,15.72,33.22,4.0
2022-08-26,19.89,16.0,23.89,0.0
2022-08-27,17.94,12.89,22.28,0.0
2022-08-28,18.5,13.0,24.0,0.0
2022-08-29,17.06,11.0,23.61,0.0
2022-08-30,19.61,13.0,27.11,0.0
2022-08-31,19.72,15.0,25.28,0.0
2022-09-01,19.39,12.61,26.0,0.0
2022-09-02,20.72,12.0,28.11,0.0
2022-09-03,20.67,16.0,26.5,0.0
2022-09-04,21.33,15.72,27.72,0.0
2022-09-05,21.89,16.89,30.72,0.0
2022-09-06,21.11,15.0,28.0,9.0
2022-09-07,19.78,15.5,25.0,1.0
2022-09-08,16.83,13.72,21.5,1.0
2022-09-09,16.06,13.61,20.22,11.0
2022-09-10,16.89,15.0,20.22,0.0
2022-09-11,16.78,12.5,22.39,3.0
2022-09-12,18.61,12.0,25.5,0.0
2022-09-13,19.56,16.78,23.89,0.0
2022-09-14,14.61,12.0,16.5,4.0
2022-09-15,14.78,11.0,19.0,11.0
2022-09-16,11.72,9.61,14.11,0.0
2022-09-17,11.39,9.5,15.11,7.0
2022-09-18,12.28,9.78,16.11,13.0
2022-09-19,12.39,8.61,17.11,3.0
2022-09-20,12.06,7.0,16.0,0.0
2022-09-21,11.06,5.72,17.39,0.0
2022-09-22,12.44,5.0,19.0,0.0
2022-09-23,13.78,9.5,18.28,0.0
2022-09-24,12.61,12.0,14.0,1.0
2022-09-25,12.44,8.39,17.0,12.0
2022-09-26,11.28,9.0,12.39,0.0
2022-09-27,9.83,8.0,13.11,10.0
2022-09-28,9.94,6.0,13.89,13.0
2022-09-29,9.56,5.0,15.78,1.0
2022-09-30,11.28,6.0,17.0,0.0
2022-10-01,14.5,10.78,18.28,4.0
2022-10-02,13.5,8.0,16.0,9.0
2022-10-03,11.78,7.0,17.0,4.0
2022-10-04,13.17,8.0,18.28,0.0
2022-10-05,16.0,12.5,20.0,0.0
2022-10-06,12.78,8.89,17.0,0.0
2022-10-07,12.33,7.72,18.0,0.0
2022-10-08,11.83,6.0,15.39,0.0
2022-10-09,10.89,4.22,17.28,0.0
2022-10-10,12.0,6.0,18.0,0.0
2022-10-11,9.56,3.89,15.0,0.0
2022-10-12,9.94,2.28,16.0,0.0
2022-10-13,12.67,11.0,14.0,0.0
2022-10-14,14.33,12.72,17.0,0.0
2022-10-15,14.44,12.0,18.0,1.0
2022-10-16,14.94,12.0,18.11,1.0
2022-10-17,16.94,13.72,18.0,0.0
2022-10-18,14.89,9.89,19.0,0.0
2022-10-19,11.67,7.0,16.28,0.0
2022-10-20,15.17,9.61,20.11,0.0
